,Category,Value,Value.1,Value.2,Value.3
1,ppg,118.0,7.0,0.0,0.0
2,ppg,120.0,3.0,0.0,0.0
3,ppg,120.0,3.0,0.0,0.0
4,ppg,121.0,2.0,0.0,0.0
5,ppg,121.0,2.0,0.0,0.0
6,ppg,123.0,3.0,,
19,ppg,183925.0,166685.0,70.0,94.0
20,ppg,183822.0,166644.0,70.0,94.0
21,ppg,183710.0,166614.0,70.0,94.0
22,ppg,183584.0,166554.0,70.0,94.0
23,ppg,183584.0,166554.0,70.0,94.0
24,ppg,183466.0,166496.0,70.0,94.0
25,ppg,183346.0,166443.0,70.0,94.0
26,ppg,183228.0,166391.0,70.0,94.0
27,ppg,183103.0,166340.0,70.0,94.0
28,ppg,183005.0,166285.0,70.0,94.0
29,ppg,182920.0,166246.0,70.0,94.0
30,ppg,182824.0,166197.0,70.0,94.0
31,ppg,182769.0,166167.0,70.0,94.0
32,ppg,182731.0,166141.0,70.0,94.0
33,ppg,182693.0,166122.0,70.0,94.0
34,ppg,182656.0,166109.0,70.0,94.0
35,ppg,182651.0,166099.0,70.0,94.0
36,ppg,182623.0,166099.0,70.0,94.0
37,ppg,182630.0,166099.0,70.0,94.0
38,ppg,182636.0,166100.0,70.0,94.0
39,ppg,182645.0,166113.0,70.0,94.0
40,ppg,182664.0,166114.0,70.0,94.0
41,ppg,182686.0,166135.0,70.0,94.0
42,ppg,182712.0,166130.0,70.0,94.0
43,ppg,183481.0,166492.0,68.0,94.0
44,ppg,183509.0,166501.0,68.0,94.0
45,ppg,183531.0,166503.0,68.0,94.0
46,ppg,183554.0,166520.0,68.0,94.0
47,ppg,183574.0,166523.0,68.0,94.0
48,ppg,183615.0,166546.0,68.0,94.0
49,ppg,183630.0,166554.0,68.0,94.0
50,ppg,183656.0,166563.0,68.0,94.0
51,ppg,183684.0,166574.0,68.0,94.0
52,ppg,183684.0,166574.0,68.0,94.0
53,ppg,183712.0,166583.0,68.0,94.0
54,ppg,183756.0,166597.0,68.0,94.0
55,ppg,183772.0,166607.0,68.0,94.0
56,ppg,183785.0,166609.0,68.0,94.0
57,ppg,183762.0,166613.0,68.0,94.0
58,ppg,183708.0,166595.0,68.0,94.0
59,ppg,183632.0,166562.0,68.0,94.0
60,ppg,183527.0,166520.0,68.0,94.0
61,ppg,183410.0,166473.0,68.0,94.0
62,ppg,183301.0,166427.0,68.0,94.0
63,ppg,183168.0,166372.0,68.0,94.0
64,ppg,183060.0,166327.0,68.0,94.0
65,ppg,182942.0,166285.0,68.0,94.0
66,ppg,182845.0,166232.0,68.0,94.0
67,ppg,182768.0,166188.0,68.0,94.0
68,ppg,182681.0,166151.0,68.0,94.0
69,ppg,182623.0,166118.0,68.0,94.0
70,ppg,182565.0,166096.0,68.0,94.0
71,ppg,182530.0,166081.0,68.0,94.0
72,ppg,182507.0,166055.0,68.0,94.0
73,ppg,182481.0,166049.0,68.0,94.0
74,ppg,182477.0,166059.0,68.0,94.0
75,ppg,182480.0,166044.0,68.0,94.0
76,ppg,182464.0,166044.0,68.0,94.0
77,ppg,183585.0,166564.0,67.0,94.0
78,ppg,183605.0,166580.0,67.0,94.0
79,ppg,183625.0,166575.0,67.0,94.0
80,ppg,183645.0,166585.0,67.0,94.0
81,ppg,183667.0,166594.0,67.0,94.0
82,ppg,183697.0,166606.0,67.0,94.0
83,ppg,183719.0,166630.0,67.0,94.0
84,ppg,183740.0,166627.0,67.0,94.0
85,ppg,183753.0,166636.0,67.0,94.0
86,ppg,183753.0,166636.0,67.0,94.0
87,ppg,183788.0,166649.0,67.0,94.0
88,ppg,183810.0,166663.0,67.0,94.0
89,ppg,183837.0,166668.0,67.0,94.0
90,ppg,183854.0,166683.0,67.0,94.0
91,ppg,183876.0,166681.0,67.0,94.0
92,ppg,183876.0,166684.0,67.0,94.0
93,ppg,183866.0,166682.0,67.0,94.0
94,ppg,183801.0,166656.0,67.0,94.0
95,ppg,183714.0,166625.0,67.0,94.0
96,ppg,183605.0,166583.0,67.0,94.0
97,ppg,183473.0,166526.0,67.0,94.0
98,ppg,183325.0,166464.0,67.0,94.0
99,ppg,183191.0,166398.0,67.0,94.0
100,ppg,183067.0,166353.0,67.0,94.0
101,ppg,182934.0,166291.0,67.0,94.0
102,ppg,182824.0,166235.0,67.0,94.0
103,ppg,182708.0,166184.0,67.0,94.0
104,ppg,182622.0,166147.0,67.0,94.0
105,ppg,182810.0,166164.0,67.0,94.0
106,ppg,182821.0,166163.0,67.0,94.0
107,ppg,182845.0,166175.0,67.0,94.0
108,ppg,182873.0,166190.0,67.0,94.0
109,ppg,182897.0,166204.0,67.0,94.0
110,ppg,182913.0,166212.0,67.0,94.0
111,ppg,182938.0,166217.0,67.0,94.0
112,ppg,182947.0,166223.0,67.0,94.0
113,ppg,182952.0,166216.0,67.0,94.0
114,ppg,182973.0,166225.0,67.0,94.0
115,ppg,182973.0,166225.0,67.0,94.0
116,ppg,182994.0,166235.0,67.0,94.0
117,ppg,183016.0,166242.0,67.0,94.0
118,ppg,183038.0,166264.0,67.0,94.0
119,ppg,183047.0,166252.0,67.0,94.0
120,ppg,183078.0,166282.0,67.0,94.0
121,ppg,183094.0,166280.0,67.0,94.0
122,ppg,183120.0,166293.0,67.0,94.0
123,ppg,183137.0,166289.0,67.0,94.0
124,ppg,183150.0,166302.0,67.0,94.0
125,ppg,183176.0,166307.0,67.0,94.0
126,ppg,183190.0,166318.0,67.0,94.0
127,ppg,183221.0,166327.0,67.0,94.0
128,ppg,183246.0,166336.0,67.0,94.0
129,ppg,183272.0,166336.0,67.0,94.0
130,ppg,183296.0,166348.0,67.0,94.0
131,ppg,183314.0,166367.0,67.0,94.0
132,ppg,183310.0,166355.0,67.0,94.0
133,ppg,181548.0,165585.0,67.0,95.0
134,ppg,181577.0,165595.0,67.0,95.0
135,ppg,181600.0,165596.0,67.0,95.0
136,ppg,183013.0,166244.0,67.0,94.0
137,ppg,182870.0,166188.0,67.0,94.0
138,ppg,181651.0,165631.0,66.0,95.0
139,ppg,181664.0,165626.0,66.0,95.0
140,ppg,181686.0,165625.0,66.0,95.0
141,ppg,181709.0,165652.0,66.0,95.0
142,ppg,181719.0,165654.0,66.0,95.0
143,ppg,181743.0,165661.0,66.0,95.0
144,ppg,181761.0,165665.0,66.0,95.0
145,ppg,181788.0,165682.0,66.0,95.0
146,ppg,181809.0,165702.0,66.0,95.0
147,ppg,181815.0,165698.0,66.0,95.0
148,ppg,181822.0,165699.0,66.0,95.0
149,ppg,181822.0,165699.0,66.0,95.0
150,ppg,181845.0,165704.0,66.0,95.0
151,ppg,181864.0,165715.0,66.0,95.0
152,ppg,181882.0,165732.0,66.0,95.0
153,ppg,181893.0,165738.0,66.0,95.0
154,ppg,181902.0,165746.0,66.0,95.0
155,ppg,181908.0,165731.0,66.0,95.0
156,ppg,181924.0,165748.0,66.0,95.0
157,ppg,181938.0,165748.0,66.0,95.0
158,ppg,181953.0,165756.0,66.0,95.0
159,ppg,181956.0,165758.0,66.0,95.0
160,ppg,181975.0,165763.0,66.0,95.0
161,ppg,181998.0,165775.0,66.0,95.0
162,ppg,182015.0,165776.0,66.0,95.0
163,ppg,182043.0,165785.0,66.0,95.0
164,ppg,182059.0,165797.0,66.0,95.0
165,ppg,182076.0,165805.0,66.0,95.0
166,ppg,180517.0,165157.0,66.0,95.0
167,ppg,180537.0,165166.0,66.0,95.0
168,ppg,180565.0,165174.0,66.0,95.0
169,ppg,180588.0,165186.0,66.0,95.0
170,ppg,180611.0,165194.0,66.0,95.0
171,ppg,180655.0,165212.0,66.0,95.0
172,ppg,180676.0,165225.0,66.0,95.0
173,ppg,180710.0,165252.0,66.0,95.0
174,ppg,180749.0,165268.0,66.0,95.0
175,ppg,180767.0,165284.0,66.0,95.0
176,ppg,180806.0,165294.0,66.0,95.0
177,ppg,180806.0,165294.0,66.0,95.0
178,ppg,180847.0,165314.0,66.0,95.0
179,ppg,180873.0,165337.0,66.0,95.0
180,ppg,180907.0,165354.0,66.0,95.0
181,ppg,180937.0,165372.0,66.0,95.0
182,ppg,180949.0,165375.0,66.0,95.0
183,ppg,180984.0,165387.0,66.0,95.0
184,ppg,181008.0,165399.0,66.0,95.0
185,ppg,181030.0,165413.0,66.0,95.0
186,ppg,181051.0,165418.0,66.0,95.0
187,ppg,181072.0,165423.0,66.0,95.0
188,ppg,181107.0,165439.0,66.0,95.0
189,ppg,181119.0,165457.0,66.0,95.0
190,ppg,181148.0,165467.0,66.0,95.0
191,ppg,181177.0,165474.0,66.0,95.0
192,ppg,181194.0,165494.0,66.0,95.0
193,ppg,181234.0,165506.0,66.0,95.0
194,ppg,180091.0,165162.0,66.0,95.0
195,ppg,180119.0,165184.0,66.0,95.0
196,ppg,180160.0,165209.0,66.0,95.0
197,ppg,180210.0,165231.0,66.0,95.0
198,ppg,180251.0,165247.0,66.0,95.0
199,ppg,180292.0,165272.0,66.0,95.0
200,ppg,180337.0,165289.0,66.0,95.0
201,ppg,180388.0,165312.0,66.0,95.0
202,ppg,180428.0,165338.0,66.0,95.0
203,ppg,180486.0,165358.0,66.0,95.0
204,ppg,180529.0,165380.0,66.0,95.0
205,ppg,180599.0,165398.0,66.0,95.0
206,ppg,180642.0,165436.0,66.0,95.0
207,ppg,180711.0,165461.0,66.0,95.0
208,ppg,180747.0,165489.0,66.0,95.0
209,ppg,180796.0,165506.0,66.0,95.0
210,ppg,180829.0,165529.0,66.0,95.0
211,ppg,180879.0,165538.0,66.0,95.0
212,ppg,180879.0,165538.0,66.0,95.0
213,ppg,180918.0,165568.0,66.0,95.0
214,ppg,180959.0,165583.0,66.0,95.0
215,ppg,180990.0,165593.0,66.0,95.0
216,ppg,181024.0,165610.0,66.0,95.0
217,ppg,181041.0,165623.0,66.0,95.0
218,ppg,181059.0,165621.0,66.0,95.0
219,ppg,181073.0,165636.0,66.0,95.0
220,ppg,181087.0,165636.0,66.0,95.0
221,ppg,181107.0,165648.0,66.0,95.0
222,ppg,181129.0,165660.0,66.0,95.0
223,ppg,181159.0,165663.0,66.0,95.0
224,ppg,181182.0,165686.0,66.0,95.0
225,ppg,181211.0,165698.0,66.0,95.0
226,ppg,181220.0,165692.0,66.0,95.0
227,ppg,181229.0,165699.0,66.0,95.0
228,ppg,180130.0,165395.0,66.0,95.0
229,ppg,180168.0,165429.0,66.0,95.0
230,ppg,180208.0,165445.0,66.0,95.0
231,ppg,180233.0,165459.0,66.0,95.0
232,ppg,180278.0,165470.0,66.0,95.0
233,ppg,180310.0,165489.0,66.0,95.0
234,ppg,180350.0,165496.0,66.0,95.0
235,ppg,180386.0,165512.0,66.0,95.0
236,ppg,180415.0,165529.0,66.0,95.0
237,ppg,180456.0,165563.0,66.0,95.0
238,ppg,180508.0,165572.0,66.0,95.0
239,ppg,180542.0,165590.0,66.0,95.0
240,ppg,180583.0,165605.0,66.0,95.0
241,ppg,180615.0,165615.0,66.0,95.0
242,ppg,180657.0,165637.0,66.0,95.0
243,ppg,180679.0,165648.0,66.0,95.0
244,ppg,180717.0,165664.0,66.0,95.0
245,ppg,180748.0,165671.0,66.0,95.0
246,ppg,180781.0,165680.0,66.0,95.0
247,ppg,180821.0,165706.0,66.0,95.0
248,ppg,180821.0,165706.0,66.0,95.0
249,ppg,180841.0,165721.0,66.0,95.0
250,ppg,180859.0,165725.0,66.0,95.0
251,ppg,180896.0,165747.0,66.0,95.0
252,ppg,180917.0,165752.0,66.0,95.0
253,ppg,180937.0,165755.0,66.0,95.0
254,ppg,180950.0,165762.0,66.0,95.0
255,ppg,180975.0,165766.0,66.0,95.0
256,ppg,179231.0,165091.0,66.0,96.0
257,ppg,179193.0,165089.0,66.0,96.0
258,ppg,179172.0,165091.0,66.0,96.0
259,ppg,179156.0,165080.0,66.0,96.0
260,ppg,179129.0,165067.0,66.0,96.0
261,ppg,179122.0,165063.0,66.0,96.0
262,ppg,179122.0,165065.0,66.0,96.0
263,ppg,179118.0,165067.0,66.0,96.0
264,ppg,179121.0,165082.0,66.0,96.0
265,ppg,179150.0,165083.0,66.0,96.0
266,ppg,179177.0,165106.0,66.0,96.0
267,ppg,179200.0,165117.0,66.0,96.0
268,ppg,179222.0,165125.0,66.0,96.0
269,ppg,179239.0,165134.0,66.0,96.0
270,ppg,179259.0,165148.0,66.0,96.0
271,ppg,179297.0,165153.0,66.0,96.0
272,ppg,179320.0,165175.0,66.0,96.0
273,ppg,179353.0,165193.0,66.0,96.0
274,ppg,179408.0,165206.0,66.0,96.0
275,ppg,179434.0,165226.0,66.0,96.0
276,ppg,179467.0,165238.0,66.0,96.0
277,ppg,179499.0,165251.0,66.0,96.0
278,ppg,179522.0,165252.0,66.0,96.0
279,ppg,179554.0,165281.0,66.0,96.0
280,ppg,179586.0,165301.0,66.0,96.0
281,ppg,179586.0,165301.0,66.0,96.0
282,ppg,179611.0,165305.0,66.0,96.0
283,ppg,179640.0,165313.0,66.0,96.0
284,ppg,177673.0,164520.0,66.0,96.0
285,ppg,177720.0,164533.0,66.0,96.0
286,ppg,179722.0,165357.0,66.0,96.0
287,ppg,179744.0,165371.0,66.0,96.0
288,ppg,179761.0,165382.0,66.0,96.0
289,ppg,177907.0,164628.0,66.0,96.0
290,ppg,177941.0,164642.0,66.0,96.0
291,ppg,177958.0,164650.0,66.0,96.0
292,ppg,177961.0,164658.0,66.0,96.0
293,ppg,177960.0,164659.0,66.0,96.0
294,ppg,177942.0,164657.0,66.0,96.0
295,ppg,177931.0,164656.0,66.0,96.0
296,ppg,177921.0,164638.0,66.0,96.0
297,ppg,177893.0,164641.0,66.0,96.0
298,ppg,177866.0,164636.0,66.0,96.0
299,ppg,177843.0,164633.0,66.0,96.0
300,ppg,177820.0,164630.0,66.0,96.0
301,ppg,177817.0,164623.0,66.0,96.0
302,ppg,177792.0,164613.0,66.0,96.0
303,ppg,177783.0,164610.0,66.0,96.0
304,ppg,177783.0,164616.0,66.0,96.0
305,ppg,177798.0,164630.0,66.0,96.0
306,ppg,177805.0,164628.0,66.0,96.0
307,ppg,177833.0,164649.0,66.0,96.0
308,ppg,177857.0,164667.0,66.0,96.0
309,ppg,177856.0,164666.0,66.0,96.0
310,ppg,177885.0,164676.0,66.0,96.0
311,ppg,177915.0,164687.0,66.0,96.0
312,ppg,177946.0,164709.0,66.0,96.0
313,ppg,177984.0,164730.0,66.0,96.0
314,ppg,178028.0,164757.0,66.0,96.0
315,ppg,178077.0,164762.0,66.0,96.0
316,ppg,178125.0,164790.0,66.0,96.0
317,ppg,178125.0,164790.0,66.0,96.0
318,ppg,177560.0,164631.0,65.0,96.0
319,ppg,177467.0,164606.0,65.0,96.0
320,ppg,177386.0,164569.0,65.0,96.0
321,ppg,177313.0,164543.0,65.0,96.0
322,ppg,177279.0,164525.0,65.0,96.0
323,ppg,177250.0,164523.0,65.0,96.0
324,ppg,177230.0,164509.0,65.0,96.0
325,ppg,177225.0,164510.0,65.0,96.0
326,ppg,177218.0,164508.0,65.0,96.0
327,ppg,177223.0,164509.0,65.0,96.0
328,ppg,177242.0,164515.0,65.0,96.0
329,ppg,177259.0,164527.0,65.0,96.0
330,ppg,177315.0,164545.0,65.0,96.0
331,ppg,177352.0,164574.0,65.0,96.0
332,ppg,177399.0,164587.0,65.0,96.0
333,ppg,177444.0,164611.0,65.0,97.0
334,ppg,177496.0,164633.0,65.0,97.0
335,ppg,177541.0,164656.0,65.0,97.0
336,ppg,177567.0,164665.0,65.0,97.0
337,ppg,177591.0,164677.0,65.0,97.0
338,ppg,177616.0,164686.0,65.0,97.0
339,ppg,177619.0,164677.0,65.0,97.0
340,ppg,177605.0,164687.0,65.0,97.0
341,ppg,177593.0,164676.0,65.0,97.0
342,ppg,177578.0,164671.0,65.0,97.0
343,ppg,177554.0,164660.0,65.0,97.0
344,ppg,177545.0,164656.0,65.0,97.0
345,ppg,179112.0,165295.0,65.0,97.0
346,ppg,179090.0,165295.0,65.0,97.0
347,ppg,179046.0,165274.0,65.0,97.0
348,ppg,178944.0,165237.0,65.0,97.0
349,ppg,178814.0,165201.0,65.0,97.0
350,ppg,178669.0,165137.0,65.0,97.0
351,ppg,178512.0,165092.0,65.0,97.0
352,ppg,178340.0,165011.0,65.0,97.0
353,ppg,178170.0,164953.0,65.0,97.0
354,ppg,178001.0,164890.0,65.0,97.0
355,ppg,177851.0,164821.0,65.0,97.0
356,ppg,177717.0,164764.0,65.0,97.0
357,ppg,177587.0,164718.0,65.0,97.0
358,ppg,177495.0,164680.0,65.0,97.0
359,ppg,177414.0,164643.0,65.0,97.0
360,ppg,177349.0,164619.0,65.0,97.0
361,ppg,177312.0,164600.0,65.0,97.0
362,ppg,177282.0,164592.0,65.0,97.0
363,ppg,177294.0,164596.0,65.0,97.0
364,ppg,177298.0,164596.0,65.0,97.0
365,ppg,177312.0,164605.0,65.0,97.0
366,ppg,177334.0,164621.0,65.0,97.0
367,ppg,177368.0,164634.0,65.0,97.0
368,ppg,177412.0,164644.0,65.0,97.0
369,ppg,177472.0,164670.0,65.0,97.0
370,ppg,177540.0,164697.0,65.0,97.0
371,ppg,177611.0,164727.0,65.0,97.0
372,ppg,177674.0,164746.0,65.0,97.0
373,ppg,177748.0,164785.0,65.0,97.0
374,ppg,177774.0,164807.0,65.0,97.0
375,ppg,177825.0,164818.0,65.0,97.0
376,ppg,177859.0,164834.0,65.0,97.0
377,ppg,177886.0,164843.0,65.0,97.0
378,ppg,177890.0,164846.0,65.0,97.0
379,ppg,179708.0,165599.0,65.0,97.0
380,ppg,179729.0,165613.0,65.0,97.0
381,ppg,179773.0,165633.0,65.0,97.0
382,ppg,179789.0,165634.0,65.0,97.0
383,ppg,179781.0,165635.0,65.0,97.0
384,ppg,179706.0,165607.0,65.0,97.0
385,ppg,179611.0,165568.0,65.0,97.0
386,ppg,179455.0,165514.0,65.0,97.0
387,ppg,179271.0,165447.0,65.0,97.0
388,ppg,179095.0,165368.0,65.0,97.0
389,ppg,178905.0,165301.0,65.0,97.0
390,ppg,178720.0,165232.0,65.0,97.0
391,ppg,178533.0,165157.0,65.0,97.0
392,ppg,178360.0,165082.0,65.0,97.0
393,ppg,178200.0,165014.0,65.0,97.0
394,ppg,178066.0,164948.0,65.0,97.0
395,ppg,177961.0,164916.0,65.0,97.0
396,ppg,177866.0,164876.0,64.0,97.0
397,ppg,177797.0,164849.0,64.0,97.0
398,ppg,177757.0,164823.0,64.0,97.0
399,ppg,177729.0,164819.0,64.0,97.0
400,ppg,177698.0,164801.0,64.0,97.0
401,ppg,177686.0,164796.0,64.0,97.0
402,ppg,177685.0,164794.0,64.0,97.0
403,ppg,177695.0,164798.0,64.0,97.0
404,ppg,177708.0,164800.0,64.0,97.0
405,ppg,177745.0,164817.0,64.0,97.0
406,ppg,177792.0,164839.0,64.0,97.0
407,ppg,179349.0,165426.0,64.0,97.0
408,ppg,179370.0,165438.0,64.0,97.0
409,ppg,179403.0,165444.0,64.0,97.0
410,ppg,179424.0,165461.0,64.0,97.0
411,ppg,179462.0,165463.0,64.0,97.0
412,ppg,179491.0,165481.0,64.0,97.0
413,ppg,179523.0,165497.0,64.0,97.0
414,ppg,179561.0,165521.0,64.0,97.0
415,ppg,179588.0,165542.0,64.0,97.0
416,ppg,179632.0,165547.0,64.0,97.0
417,ppg,179665.0,165565.0,64.0,97.0
418,ppg,179667.0,165578.0,64.0,97.0
419,ppg,179638.0,165549.0,64.0,97.0
420,ppg,179555.0,165515.0,64.0,97.0
421,ppg,179423.0,165474.0,64.0,97.0
422,ppg,179270.0,165421.0,64.0,97.0
423,ppg,179102.0,165350.0,64.0,97.0
424,ppg,178910.0,165269.0,64.0,97.0
425,ppg,178716.0,165194.0,64.0,97.0
426,ppg,178530.0,165123.0,64.0,97.0
427,ppg,178352.0,165046.0,64.0,97.0
428,ppg,178193.0,164981.0,64.0,97.0
429,ppg,178058.0,164924.0,64.0,97.0
430,ppg,177931.0,164872.0,64.0,97.0
431,ppg,177841.0,164831.0,64.0,97.0
432,ppg,177745.0,164796.0,64.0,97.0
433,ppg,177700.0,164764.0,64.0,97.0
434,ppg,177654.0,164751.0,64.0,97.0
435,ppg,177636.0,164731.0,64.0,97.0
436,ppg,177612.0,164724.0,64.0,97.0
437,ppg,177606.0,164716.0,64.0,97.0
438,ppg,177608.0,164718.0,64.0,97.0
439,ppg,177635.0,164731.0,64.0,97.0
440,ppg,179027.0,165243.0,64.0,97.0
441,ppg,179060.0,165244.0,64.0,97.0
442,ppg,179060.0,165244.0,64.0,97.0
443,ppg,179087.0,165254.0,64.0,97.0
444,ppg,179110.0,165258.0,64.0,97.0
445,ppg,179145.0,165275.0,64.0,97.0
446,ppg,179144.0,165278.0,64.0,97.0
447,ppg,179111.0,165272.0,64.0,97.0
448,ppg,179047.0,165244.0,64.0,97.0
449,ppg,178949.0,165193.0,64.0,97.0
450,ppg,178820.0,165133.0,64.0,97.0
451,ppg,178669.0,165087.0,64.0,97.0
452,ppg,178508.0,165027.0,64.0,97.0
453,ppg,178342.0,164964.0,64.0,97.0
454,ppg,178171.0,164885.0,64.0,97.0
455,ppg,178018.0,164824.0,64.0,97.0
456,ppg,177878.0,164770.0,64.0,97.0
457,ppg,177748.0,164711.0,64.0,97.0
458,ppg,177655.0,164676.0,64.0,97.0
459,ppg,177574.0,164638.0,64.0,97.0
460,ppg,177516.0,164612.0,64.0,97.0
461,ppg,177470.0,164591.0,64.0,97.0
462,ppg,177445.0,164580.0,64.0,97.0
463,ppg,177430.0,164569.0,64.0,97.0
464,ppg,177429.0,164560.0,64.0,97.0
465,ppg,177438.0,164572.0,64.0,97.0
466,ppg,177455.0,164566.0,64.0,97.0
467,ppg,177481.0,164583.0,64.0,97.0
468,ppg,179104.0,165206.0,64.0,97.0
469,ppg,179133.0,165209.0,64.0,97.0
470,ppg,179133.0,165209.0,64.0,97.0
471,ppg,179146.0,165231.0,64.0,97.0
472,ppg,179146.0,165231.0,64.0,97.0
473,ppg,179146.0,165231.0,64.0,97.0
474,ppg,179146.0,165231.0,64.0,97.0
475,ppg,179130.0,165211.0,64.0,97.0
476,ppg,179065.0,165196.0,64.0,97.0
477,ppg,178958.0,165158.0,64.0,97.0
478,ppg,178813.0,165101.0,64.0,97.0
479,ppg,178652.0,165041.0,64.0,97.0
480,ppg,178451.0,164956.0,64.0,97.0
481,ppg,178265.0,164870.0,64.0,97.0
482,ppg,178067.0,164801.0,64.0,97.0
483,ppg,177875.0,164716.0,64.0,97.0
484,ppg,177698.0,164637.0,64.0,97.0
485,ppg,177533.0,164573.0,64.0,97.0
486,ppg,177403.0,164510.0,64.0,97.0
487,ppg,177280.0,164466.0,64.0,97.0
488,ppg,177208.0,164428.0,64.0,97.0
489,ppg,177137.0,164405.0,64.0,97.0
490,ppg,177100.0,164385.0,64.0,97.0
491,ppg,177059.0,164355.0,64.0,97.0
492,ppg,177045.0,164355.0,64.0,97.0
493,ppg,177030.0,164359.0,64.0,97.0
494,ppg,177022.0,164346.0,64.0,97.0
495,ppg,178392.0,164890.0,65.0,97.0
496,ppg,178425.0,164910.0,65.0,97.0
497,ppg,178441.0,164907.0,65.0,97.0
498,ppg,178470.0,164928.0,65.0,97.0
499,ppg,178489.0,164935.0,65.0,97.0
500,ppg,178497.0,164941.0,65.0,97.0
501,ppg,178467.0,164926.0,65.0,97.0
502,ppg,178409.0,164906.0,65.0,97.0
503,ppg,178409.0,164906.0,65.0,97.0
504,ppg,178298.0,164864.0,65.0,97.0
505,ppg,178158.0,164807.0,65.0,97.0
506,ppg,177991.0,164743.0,65.0,97.0
507,ppg,177788.0,164668.0,65.0,97.0
508,ppg,177577.0,164573.0,65.0,97.0
509,ppg,177363.0,164493.0,65.0,97.0
510,ppg,177147.0,164390.0,65.0,97.0
511,ppg,176952.0,164311.0,65.0,97.0
512,ppg,176798.0,164249.0,65.0,97.0
513,ppg,176643.0,164188.0,65.0,97.0
514,ppg,176521.0,164148.0,65.0,97.0
515,ppg,176430.0,164114.0,65.0,97.0
516,ppg,176379.0,164086.0,65.0,97.0
517,ppg,176320.0,164070.0,65.0,97.0
518,ppg,176277.0,164058.0,65.0,97.0
519,ppg,176248.0,164047.0,65.0,97.0
520,ppg,176231.0,164037.0,65.0,97.0
521,ppg,176208.0,164020.0,65.0,97.0
522,ppg,176197.0,164013.0,65.0,97.0
523,ppg,176207.0,164013.0,65.0,97.0
524,ppg,176229.0,164031.0,65.0,97.0
525,ppg,176271.0,164045.0,65.0,97.0
526,ppg,176319.0,164059.0,65.0,97.0
527,ppg,176383.0,164092.0,65.0,97.0
528,ppg,176424.0,164110.0,65.0,97.0
529,ppg,177857.0,164701.0,65.0,97.0
530,ppg,177881.0,164723.0,65.0,97.0
531,ppg,177930.0,164738.0,65.0,97.0
532,ppg,177948.0,164742.0,65.0,97.0
533,ppg,177951.0,164749.0,65.0,97.0
534,ppg,177893.0,164729.0,65.0,97.0
535,ppg,177805.0,164695.0,65.0,97.0
536,ppg,177682.0,164652.0,65.0,97.0
537,ppg,177518.0,164575.0,65.0,97.0
538,ppg,177518.0,164575.0,65.0,97.0
539,ppg,177325.0,164505.0,65.0,97.0
540,ppg,177129.0,164434.0,65.0,97.0
541,ppg,176925.0,164349.0,65.0,97.0
542,ppg,176704.0,164270.0,65.0,97.0
543,ppg,176512.0,164176.0,65.0,97.0
544,ppg,176324.0,164117.0,65.0,97.0
545,ppg,176178.0,164054.0,65.0,97.0
546,ppg,176046.0,164002.0,65.0,97.0
547,ppg,175956.0,163961.0,65.0,97.0
548,ppg,175861.0,163916.0,65.0,97.0
549,ppg,175801.0,163895.0,65.0,97.0
550,ppg,175748.0,163878.0,65.0,97.0
551,ppg,175707.0,163869.0,65.0,97.0
552,ppg,175683.0,163846.0,65.0,97.0
553,ppg,175675.0,163837.0,65.0,97.0
554,ppg,175656.0,163835.0,65.0,97.0
555,ppg,175670.0,163834.0,65.0,97.0
556,ppg,175688.0,163851.0,65.0,97.0
557,ppg,177209.0,164507.0,65.0,97.0
558,ppg,177254.0,164523.0,65.0,97.0
559,ppg,177287.0,164536.0,65.0,97.0
560,ppg,177328.0,164549.0,65.0,97.0
561,ppg,177364.0,164575.0,65.0,97.0
562,ppg,177407.0,164587.0,65.0,97.0
563,ppg,177448.0,164605.0,65.0,97.0
564,ppg,177491.0,164631.0,65.0,97.0
565,ppg,177517.0,164645.0,65.0,97.0
566,ppg,177515.0,164627.0,65.0,97.0
567,ppg,177484.0,164627.0,65.0,97.0
568,ppg,177415.0,164595.0,66.0,97.0
569,ppg,177290.0,164542.0,66.0,97.0
570,ppg,177145.0,164494.0,66.0,97.0
571,ppg,176966.0,164421.0,66.0,97.0
572,ppg,176785.0,164353.0,66.0,97.0
573,ppg,176580.0,164271.0,66.0,97.0
574,ppg,176380.0,164195.0,66.0,97.0
575,ppg,176205.0,164120.0,66.0,97.0
576,ppg,176205.0,164120.0,66.0,97.0
577,ppg,176032.0,164048.0,66.0,97.0
578,ppg,175895.0,163994.0,66.0,97.0
579,ppg,175787.0,163946.0,66.0,97.0
580,ppg,175686.0,163913.0,66.0,97.0
581,ppg,175614.0,163877.0,66.0,97.0
582,ppg,175547.0,163851.0,66.0,97.0
583,ppg,175517.0,163838.0,66.0,97.0
584,ppg,175500.0,163832.0,66.0,97.0
585,ppg,177203.0,164569.0,66.0,97.0
586,ppg,177235.0,164588.0,66.0,97.0
587,ppg,177269.0,164601.0,66.0,97.0
588,ppg,175516.0,163850.0,66.0,97.0
589,ppg,175557.0,163865.0,66.0,97.0
590,ppg,177371.0,164637.0,66.0,97.0
591,ppg,177404.0,164651.0,66.0,97.0
592,ppg,177433.0,164654.0,66.0,97.0
593,ppg,177474.0,164672.0,66.0,97.0
594,ppg,177518.0,164686.0,66.0,97.0
595,ppg,177549.0,164701.0,66.0,97.0
596,ppg,177585.0,164713.0,66.0,97.0
597,ppg,177625.0,164734.0,66.0,97.0
598,ppg,177667.0,164747.0,66.0,97.0
599,ppg,177695.0,164757.0,66.0,97.0
600,ppg,177729.0,164768.0,66.0,97.0
601,ppg,177760.0,164783.0,66.0,97.0
602,ppg,177790.0,164794.0,66.0,97.0
603,ppg,177794.0,164793.0,66.0,97.0
604,ppg,177761.0,164791.0,66.0,97.0
605,ppg,177683.0,164756.0,66.0,97.0
606,ppg,177574.0,164717.0,66.0,97.0
607,ppg,177409.0,164647.0,66.0,97.0
608,ppg,177223.0,164578.0,66.0,97.0
609,ppg,177007.0,164495.0,66.0,97.0
610,ppg,177007.0,164495.0,66.0,97.0
611,ppg,176799.0,164410.0,66.0,97.0
612,ppg,176578.0,164321.0,66.0,97.0
613,ppg,176372.0,164230.0,66.0,97.0
614,ppg,176176.0,164146.0,66.0,97.0
615,ppg,176021.0,164075.0,66.0,97.0
616,ppg,175869.0,164015.0,66.0,97.0
617,ppg,175745.0,163976.0,66.0,97.0
618,ppg,176823.0,164454.0,66.0,97.0
619,ppg,176864.0,164466.0,66.0,97.0
620,ppg,176898.0,164476.0,66.0,97.0
621,ppg,176936.0,164497.0,66.0,97.0
622,ppg,176969.0,164509.0,66.0,97.0
623,ppg,177007.0,164520.0,66.0,97.0
624,ppg,177039.0,164535.0,66.0,97.0
625,ppg,177056.0,164540.0,66.0,97.0
626,ppg,177075.0,164535.0,66.0,97.0
627,ppg,177090.0,164551.0,66.0,97.0
628,ppg,177125.0,164547.0,66.0,97.0
629,ppg,177141.0,164562.0,66.0,97.0
630,ppg,177166.0,164558.0,66.0,97.0
631,ppg,177195.0,164575.0,66.0,97.0
632,ppg,177224.0,164581.0,66.0,97.0
633,ppg,177268.0,164602.0,66.0,97.0
634,ppg,177312.0,164621.0,66.0,97.0
635,ppg,177354.0,164638.0,66.0,97.0
636,ppg,177404.0,164667.0,66.0,97.0
637,ppg,177442.0,164678.0,66.0,97.0
638,ppg,177442.0,164678.0,66.0,97.0
639,ppg,177482.0,164684.0,66.0,97.0
640,ppg,177523.0,164700.0,66.0,97.0
641,ppg,177556.0,164713.0,66.0,97.0
642,ppg,177583.0,164716.0,66.0,97.0
643,ppg,177590.0,164724.0,66.0,97.0
644,ppg,177578.0,164717.0,66.0,97.0
645,ppg,177510.0,164689.0,66.0,97.0
646,ppg,176297.0,164193.0,66.0,97.0
647,ppg,176355.0,164224.0,66.0,97.0
648,ppg,176406.0,164250.0,66.0,97.0
649,ppg,176465.0,164271.0,66.0,97.0
650,ppg,176509.0,164297.0,66.0,97.0
651,ppg,176573.0,164321.0,66.0,97.0
652,ppg,176627.0,164339.0,66.0,97.0
653,ppg,176678.0,164369.0,66.0,97.0
654,ppg,176735.0,164384.0,66.0,97.0
655,ppg,176777.0,164406.0,66.0,97.0
656,ppg,176834.0,164426.0,66.0,97.0
657,ppg,176869.0,164449.0,66.0,97.0
658,ppg,176912.0,164457.0,66.0,97.0
659,ppg,176964.0,164482.0,66.0,97.0
660,ppg,176990.0,164495.0,66.0,97.0
661,ppg,177025.0,164499.0,66.0,97.0
662,ppg,177071.0,164519.0,66.0,97.0
663,ppg,177098.0,164533.0,66.0,97.0
664,ppg,177125.0,164538.0,66.0,97.0
665,ppg,177164.0,164547.0,66.0,97.0
666,ppg,177186.0,164554.0,66.0,97.0
667,ppg,177219.0,164569.0,66.0,97.0
668,ppg,177262.0,164579.0,66.0,97.0
669,ppg,177299.0,164602.0,66.0,97.0
670,ppg,177351.0,164615.0,66.0,97.0
671,ppg,177402.0,164629.0,66.0,97.0
672,ppg,177433.0,164648.0,66.0,97.0
673,ppg,177472.0,164661.0,66.0,97.0
674,ppg,177531.0,164679.0,66.0,97.0
675,ppg,177531.0,164679.0,66.0,97.0
676,ppg,177531.0,164679.0,66.0,97.0
677,ppg,177531.0,164679.0,66.0,97.0
678,ppg,177568.0,164701.0,66.0,97.0
679,ppg,176334.0,164180.0,66.0,97.0
680,ppg,176382.0,164198.0,66.0,97.0
681,ppg,176425.0,164219.0,66.0,97.0
682,ppg,176483.0,164250.0,66.0,97.0
683,ppg,176527.0,164264.0,66.0,97.0
684,ppg,176587.0,164283.0,66.0,97.0
685,ppg,176629.0,164304.0,66.0,97.0
686,ppg,176689.0,164313.0,66.0,97.0
687,ppg,176737.0,164340.0,66.0,97.0
688,ppg,176789.0,164358.0,66.0,97.0
689,ppg,176846.0,164383.0,66.0,97.0
690,ppg,176894.0,164395.0,66.0,97.0
691,ppg,176957.0,164430.0,66.0,97.0
692,ppg,176996.0,164442.0,66.0,97.0
693,ppg,177067.0,164478.0,66.0,97.0
694,ppg,177095.0,164500.0,66.0,97.0
695,ppg,177146.0,164501.0,66.0,97.0
696,ppg,177207.0,164529.0,66.0,97.0
697,ppg,177250.0,164542.0,66.0,97.0
698,ppg,177293.0,164554.0,66.0,97.0
699,ppg,177338.0,164571.0,66.0,97.0
700,ppg,177375.0,164587.0,66.0,97.0
701,ppg,177412.0,164609.0,66.0,97.0
702,ppg,177457.0,164610.0,66.0,97.0
703,ppg,177480.0,164641.0,66.0,97.0
704,ppg,177520.0,164639.0,66.0,97.0
705,ppg,177555.0,164655.0,66.0,97.0
706,ppg,177598.0,164677.0,66.0,97.0
707,ppg,176066.0,163972.0,65.0,97.0
708,ppg,176049.0,163970.0,65.0,97.0
709,ppg,176028.0,163962.0,65.0,97.0
710,ppg,176035.0,163963.0,65.0,97.0
711,ppg,176024.0,163943.0,65.0,97.0
712,ppg,176031.0,163950.0,65.0,97.0
713,ppg,176039.0,163965.0,65.0,97.0
714,ppg,176049.0,163962.0,65.0,97.0
715,ppg,176075.0,163959.0,65.0,97.0
716,ppg,176092.0,163971.0,65.0,97.0
717,ppg,176121.0,163984.0,65.0,97.0
718,ppg,176155.0,164000.0,65.0,97.0
719,ppg,176197.0,164011.0,65.0,97.0
720,ppg,176237.0,164032.0,65.0,97.0
721,ppg,176279.0,164042.0,65.0,97.0
722,ppg,176313.0,164051.0,65.0,97.0
723,ppg,176349.0,164068.0,65.0,97.0
724,ppg,176406.0,164086.0,65.0,97.0
725,ppg,176452.0,164111.0,65.0,97.0
726,ppg,176504.0,164121.0,65.0,97.0
727,ppg,176553.0,164142.0,65.0,97.0
728,ppg,176592.0,164171.0,65.0,97.0
729,ppg,176650.0,164195.0,65.0,97.0
730,ppg,176706.0,164222.0,65.0,97.0
731,ppg,176760.0,164237.0,65.0,97.0
732,ppg,176804.0,164249.0,65.0,97.0
733,ppg,176845.0,164274.0,65.0,97.0
734,ppg,176879.0,164285.0,65.0,97.0
735,ppg,176918.0,164301.0,65.0,97.0
736,ppg,176442.0,164064.0,65.0,97.0
737,ppg,176424.0,164051.0,65.0,97.0
738,ppg,176412.0,164044.0,65.0,97.0
739,ppg,176412.0,164044.0,65.0,97.0
740,ppg,176401.0,164048.0,65.0,97.0
741,ppg,176393.0,164036.0,65.0,97.0
742,ppg,176385.0,164037.0,65.0,97.0
743,ppg,176393.0,164027.0,65.0,97.0
744,ppg,176389.0,164034.0,65.0,97.0
745,ppg,176403.0,164037.0,65.0,97.0
746,ppg,176415.0,164037.0,65.0,97.0
747,ppg,176433.0,164048.0,65.0,97.0
748,ppg,176464.0,164062.0,65.0,97.0
749,ppg,176501.0,164069.0,65.0,97.0
750,ppg,176538.0,164091.0,65.0,97.0
751,ppg,176603.0,164129.0,65.0,97.0
752,ppg,176648.0,164153.0,65.0,97.0
753,ppg,176682.0,164162.0,65.0,97.0
754,ppg,176734.0,164189.0,65.0,97.0
755,ppg,176791.0,164207.0,65.0,97.0
756,ppg,176843.0,164226.0,65.0,97.0
757,ppg,176883.0,164236.0,65.0,97.0
758,ppg,176938.0,164253.0,65.0,97.0
759,ppg,176999.0,164280.0,65.0,97.0
760,ppg,177062.0,164301.0,65.0,97.0
761,ppg,177113.0,164321.0,65.0,97.0
762,ppg,177177.0,164351.0,65.0,97.0
763,ppg,177237.0,164378.0,65.0,97.0
764,ppg,177281.0,164386.0,65.0,97.0
765,ppg,177340.0,164409.0,65.0,97.0
766,ppg,177397.0,164429.0,65.0,97.0
767,ppg,177449.0,164461.0,65.0,97.0
768,ppg,176689.0,164082.0,65.0,97.0
769,ppg,176689.0,164082.0,65.0,97.0
770,ppg,176669.0,164064.0,65.0,97.0
771,ppg,176647.0,164059.0,65.0,97.0
772,ppg,176622.0,164041.0,65.0,97.0
773,ppg,176600.0,164030.0,65.0,97.0
774,ppg,176583.0,164021.0,65.0,97.0
775,ppg,176564.0,164016.0,65.0,97.0
776,ppg,176551.0,164013.0,65.0,97.0
777,ppg,176541.0,163997.0,65.0,97.0
778,ppg,176553.0,164002.0,65.0,97.0
779,ppg,176557.0,164001.0,65.0,97.0
780,ppg,176581.0,164015.0,65.0,97.0
781,ppg,176612.0,164025.0,65.0,97.0
782,ppg,176656.0,164052.0,65.0,97.0
783,ppg,176677.0,164053.0,65.0,97.0
784,ppg,176718.0,164072.0,65.0,97.0
785,ppg,176756.0,164087.0,65.0,97.0
786,ppg,176788.0,164097.0,66.0,97.0
787,ppg,176830.0,164114.0,66.0,97.0
788,ppg,176875.0,164135.0,66.0,97.0
789,ppg,176908.0,164144.0,66.0,97.0
790,ppg,176946.0,164162.0,66.0,97.0
791,ppg,176986.0,164169.0,66.0,97.0
792,ppg,177025.0,164182.0,66.0,97.0
793,ppg,177083.0,164205.0,66.0,97.0
794,ppg,177128.0,164218.0,66.0,97.0
795,ppg,177181.0,164247.0,66.0,97.0
796,ppg,177234.0,164263.0,66.0,97.0
797,ppg,175865.0,163632.0,66.0,97.0
798,ppg,175865.0,163632.0,66.0,97.0
799,ppg,175846.0,163624.0,66.0,97.0
800,ppg,175813.0,163609.0,66.0,97.0
801,ppg,175813.0,163609.0,66.0,97.0
802,ppg,175784.0,163591.0,66.0,97.0
803,ppg,175750.0,163574.0,66.0,97.0
804,ppg,175725.0,163551.0,66.0,97.0
805,ppg,175684.0,163541.0,66.0,97.0
806,ppg,175661.0,163534.0,66.0,97.0
807,ppg,175643.0,163525.0,66.0,97.0
808,ppg,175632.0,163527.0,66.0,97.0
809,ppg,175639.0,163523.0,66.0,97.0
810,ppg,175622.0,163521.0,66.0,97.0
811,ppg,175640.0,163536.0,66.0,97.0
812,ppg,175646.0,163537.0,66.0,97.0
813,ppg,175662.0,163547.0,66.0,97.0
814,ppg,175683.0,163552.0,66.0,97.0
815,ppg,175710.0,163553.0,66.0,97.0
816,ppg,175740.0,163570.0,66.0,97.0
817,ppg,175779.0,163587.0,66.0,97.0
818,ppg,175812.0,163599.0,66.0,97.0
819,ppg,175855.0,163625.0,66.0,97.0
820,ppg,175883.0,163625.0,66.0,97.0
821,ppg,175923.0,163653.0,66.0,97.0
822,ppg,175956.0,163663.0,66.0,97.0
823,ppg,175991.0,163670.0,66.0,97.0
824,ppg,175421.0,163464.0,66.0,97.0
825,ppg,175414.0,163454.0,66.0,97.0
826,ppg,176105.0,163715.0,66.0,97.0
827,ppg,176151.0,163734.0,66.0,97.0
828,ppg,176189.0,163756.0,66.0,97.0
829,ppg,176222.0,163766.0,66.0,97.0
830,ppg,175366.0,163435.0,66.0,97.0
831,ppg,175366.0,163435.0,66.0,97.0
832,ppg,175381.0,163444.0,66.0,97.0
833,ppg,175399.0,163444.0,66.0,97.0
834,ppg,175410.0,163453.0,66.0,97.0
835,ppg,175434.0,163471.0,66.0,97.0
836,ppg,175478.0,163492.0,66.0,97.0
837,ppg,175513.0,163505.0,66.0,97.0
838,ppg,175550.0,163513.0,66.0,97.0
839,ppg,175598.0,163538.0,66.0,97.0
840,ppg,175646.0,163551.0,66.0,97.0
841,ppg,175682.0,163568.0,66.0,97.0
842,ppg,175725.0,163598.0,66.0,97.0
843,ppg,175777.0,163616.0,66.0,97.0
844,ppg,175840.0,163650.0,66.0,97.0
845,ppg,175890.0,163670.0,66.0,97.0
846,ppg,175947.0,163685.0,66.0,97.0
847,ppg,176005.0,163719.0,66.0,97.0
848,ppg,176042.0,163729.0,66.0,97.0
849,ppg,176103.0,163755.0,66.0,97.0
850,ppg,176152.0,163777.0,66.0,97.0
851,ppg,176190.0,163789.0,66.0,97.0
852,ppg,176239.0,163813.0,66.0,97.0
853,ppg,176299.0,163835.0,66.0,97.0
854,ppg,176349.0,163849.0,66.0,97.0
855,ppg,176382.0,163870.0,66.0,97.0
856,ppg,176442.0,163889.0,66.0,97.0
857,ppg,176483.0,163904.0,66.0,97.0
858,ppg,175014.0,163289.0,66.0,97.0
859,ppg,175045.0,163307.0,66.0,97.0
860,ppg,175089.0,163324.0,66.0,97.0
861,ppg,175136.0,163345.0,66.0,97.0
862,ppg,175175.0,163348.0,66.0,97.0
863,ppg,175227.0,163377.0,66.0,97.0
864,ppg,175288.0,163406.0,66.0,97.0
865,ppg,175339.0,163431.0,66.0,97.0
866,ppg,175387.0,163457.0,66.0,97.0
867,ppg,175387.0,163457.0,66.0,97.0
868,ppg,175446.0,163474.0,66.0,97.0
869,ppg,175496.0,163491.0,66.0,97.0
870,ppg,175538.0,163520.0,66.0,97.0
871,ppg,175585.0,163539.0,66.0,97.0
872,ppg,175633.0,163552.0,66.0,97.0
873,ppg,175693.0,163565.0,66.0,97.0
874,ppg,175718.0,163587.0,66.0,97.0
875,ppg,175761.0,163600.0,66.0,97.0
876,ppg,175810.0,163616.0,66.0,97.0
877,ppg,175841.0,163643.0,66.0,97.0
878,ppg,175888.0,163643.0,66.0,97.0
879,ppg,175929.0,163661.0,66.0,97.0
880,ppg,175969.0,163687.0,66.0,97.0
881,ppg,176014.0,163700.0,66.0,97.0
882,ppg,176046.0,163720.0,66.0,97.0
883,ppg,176083.0,163735.0,66.0,97.0
884,ppg,176128.0,163752.0,66.0,97.0
885,ppg,176160.0,163762.0,66.0,97.0
886,ppg,174608.0,163135.0,69.0,97.0
887,ppg,174667.0,163161.0,69.0,97.0
888,ppg,174735.0,163179.0,69.0,97.0
889,ppg,174788.0,163198.0,69.0,97.0
890,ppg,174841.0,163230.0,69.0,97.0
891,ppg,174892.0,163248.0,69.0,97.0
892,ppg,174930.0,163265.0,69.0,97.0
893,ppg,174983.0,163287.0,69.0,97.0
894,ppg,175022.0,163297.0,69.0,97.0
895,ppg,175022.0,163297.0,69.0,97.0
896,ppg,175059.0,163318.0,69.0,97.0
897,ppg,175106.0,163339.0,69.0,97.0
898,ppg,175154.0,163358.0,69.0,97.0
899,ppg,175154.0,163358.0,69.0,97.0
900,ppg,175204.0,163384.0,69.0,97.0
901,ppg,175243.0,163388.0,69.0,97.0
902,ppg,175302.0,163425.0,69.0,97.0
903,ppg,175349.0,163451.0,69.0,97.0
904,ppg,175398.0,163466.0,69.0,97.0
905,ppg,175437.0,163490.0,69.0,97.0
906,ppg,175473.0,163496.0,69.0,97.0
907,ppg,175503.0,163512.0,69.0,97.0
908,ppg,175545.0,163521.0,69.0,97.0
909,ppg,175576.0,163530.0,69.0,97.0
910,ppg,175616.0,163543.0,69.0,97.0
911,ppg,175640.0,163563.0,69.0,97.0
912,ppg,175659.0,163560.0,69.0,97.0
913,ppg,175640.0,163554.0,69.0,97.0
914,ppg,175595.0,163540.0,69.0,97.0
915,ppg,175509.0,163505.0,69.0,97.0
916,ppg,175373.0,163448.0,69.0,97.0
917,ppg,175211.0,163386.0,69.0,97.0
918,ppg,175029.0,163300.0,69.0,97.0
919,ppg,175223.0,163383.0,70.0,97.0
920,ppg,175290.0,163410.0,70.0,97.0
921,ppg,175329.0,163431.0,70.0,97.0
922,ppg,175374.0,163446.0,70.0,97.0
923,ppg,175424.0,163464.0,70.0,97.0
924,ppg,175475.0,163484.0,70.0,97.0
925,ppg,175516.0,163500.0,70.0,97.0
926,ppg,175560.0,163515.0,70.0,97.0
927,ppg,175600.0,163532.0,70.0,97.0
928,ppg,175651.0,163548.0,70.0,97.0
929,ppg,175651.0,163548.0,70.0,97.0
930,ppg,175684.0,163575.0,70.0,97.0
931,ppg,175743.0,163578.0,70.0,97.0
932,ppg,175786.0,163610.0,70.0,97.0
933,ppg,175833.0,163621.0,70.0,97.0
934,ppg,175876.0,163630.0,70.0,97.0
935,ppg,175922.0,163653.0,70.0,97.0
936,ppg,175964.0,163676.0,70.0,97.0
937,ppg,176018.0,163690.0,70.0,97.0
938,ppg,176050.0,163706.0,70.0,97.0
939,ppg,176083.0,163717.0,70.0,97.0
940,ppg,176099.0,163722.0,70.0,97.0
941,ppg,176109.0,163721.0,70.0,97.0
942,ppg,176102.0,163707.0,70.0,97.0
943,ppg,176043.0,163685.0,70.0,97.0
944,ppg,175945.0,163642.0,70.0,97.0
945,ppg,175813.0,163591.0,70.0,97.0
946,ppg,175644.0,163521.0,70.0,97.0
947,ppg,175714.0,163507.0,70.0,97.0
948,ppg,175771.0,163523.0,70.0,97.0
949,ppg,175803.0,163544.0,70.0,97.0
950,ppg,175857.0,163561.0,70.0,97.0
951,ppg,175909.0,163582.0,70.0,97.0
952,ppg,175950.0,163601.0,70.0,97.0
953,ppg,175997.0,163614.0,70.0,97.0
954,ppg,176044.0,163644.0,70.0,97.0
955,ppg,176095.0,163668.0,70.0,97.0
956,ppg,176142.0,163686.0,70.0,97.0
957,ppg,176142.0,163686.0,70.0,97.0
958,ppg,176174.0,163694.0,70.0,97.0
959,ppg,176228.0,163709.0,70.0,97.0
960,ppg,176267.0,163729.0,70.0,97.0
961,ppg,176267.0,163729.0,70.0,97.0
962,ppg,176308.0,163744.0,70.0,97.0
963,ppg,176356.0,163758.0,70.0,97.0
964,ppg,176388.0,163780.0,70.0,97.0
965,ppg,176431.0,163788.0,70.0,97.0
966,ppg,176469.0,163796.0,70.0,97.0
967,ppg,176524.0,163827.0,70.0,97.0
968,ppg,176566.0,163839.0,70.0,97.0
969,ppg,176619.0,163867.0,70.0,97.0
970,ppg,176663.0,163881.0,70.0,97.0
971,ppg,176722.0,163902.0,70.0,97.0
972,ppg,176751.0,163911.0,70.0,97.0
973,ppg,176802.0,163926.0,70.0,97.0
974,ppg,176847.0,163935.0,70.0,97.0
975,ppg,175833.0,163456.0,70.0,97.0
976,ppg,175866.0,163460.0,70.0,97.0
977,ppg,175900.0,163474.0,70.0,97.0
978,ppg,177020.0,164019.0,70.0,97.0
979,ppg,177068.0,164026.0,70.0,97.0
980,ppg,176022.0,163525.0,70.0,97.0
981,ppg,176047.0,163539.0,70.0,97.0
982,ppg,176088.0,163549.0,70.0,97.0
983,ppg,176140.0,163572.0,70.0,97.0
984,ppg,176169.0,163581.0,70.0,97.0
985,ppg,176216.0,163595.0,70.0,97.0
986,ppg,176263.0,163618.0,70.0,97.0
987,ppg,176307.0,163638.0,70.0,97.0
988,ppg,176347.0,163650.0,70.0,97.0
989,ppg,176377.0,163668.0,70.0,97.0
990,ppg,176421.0,163688.0,70.0,97.0
991,ppg,176442.0,163690.0,70.0,97.0
992,ppg,176442.0,163690.0,70.0,97.0
993,ppg,176478.0,163703.0,70.0,97.0
994,ppg,176523.0,163716.0,70.0,97.0
995,ppg,176548.0,163725.0,70.0,97.0
996,ppg,176586.0,163750.0,70.0,97.0
997,ppg,176620.0,163750.0,70.0,97.0
998,ppg,176643.0,163763.0,70.0,97.0
999,ppg,176665.0,163767.0,70.0,97.0
1000,ppg,176709.0,163784.0,70.0,97.0
1001,ppg,176735.0,163801.0,70.0,97.0
1002,ppg,176764.0,163815.0,70.0,97.0
1003,ppg,176789.0,163817.0,70.0,97.0
1004,ppg,176812.0,163833.0,71.0,97.0
1005,ppg,176854.0,163848.0,71.0,97.0
1006,ppg,176883.0,163847.0,71.0,97.0
1007,ppg,176919.0,163871.0,71.0,97.0
1008,ppg,176290.0,163551.0,71.0,97.0
1009,ppg,176331.0,163565.0,71.0,97.0
1010,ppg,176359.0,163571.0,71.0,97.0
1011,ppg,176387.0,163586.0,71.0,97.0
1012,ppg,176427.0,163601.0,71.0,97.0
1013,ppg,176443.0,163613.0,71.0,97.0
1014,ppg,176475.0,163618.0,71.0,97.0
1015,ppg,176522.0,163636.0,71.0,97.0
1016,ppg,176548.0,163656.0,71.0,97.0
1017,ppg,176599.0,163669.0,71.0,97.0
1018,ppg,176637.0,163686.0,71.0,97.0
1019,ppg,176680.0,163699.0,71.0,97.0
1020,ppg,176722.0,163721.0,71.0,97.0
1021,ppg,176771.0,163740.0,71.0,97.0
1022,ppg,176803.0,163756.0,71.0,97.0
1023,ppg,176850.0,163768.0,71.0,97.0
1024,ppg,176889.0,163792.0,71.0,97.0
1025,ppg,176889.0,163792.0,71.0,97.0
1026,ppg,176932.0,163813.0,71.0,97.0
1027,ppg,176963.0,163816.0,71.0,97.0
1028,ppg,177009.0,163834.0,71.0,97.0
1029,ppg,177046.0,163847.0,71.0,97.0
1030,ppg,177068.0,163866.0,71.0,97.0
1031,ppg,177098.0,163864.0,71.0,97.0
1032,ppg,177126.0,163878.0,71.0,97.0
1033,ppg,177162.0,163891.0,71.0,97.0
1034,ppg,177182.0,163909.0,71.0,97.0
1035,ppg,177223.0,163924.0,71.0,97.0
1036,ppg,176385.0,163522.0,71.0,97.0
1037,ppg,176372.0,163518.0,71.0,97.0
1038,ppg,176358.0,163502.0,71.0,97.0
1039,ppg,176347.0,163501.0,71.0,97.0
1040,ppg,176329.0,163501.0,71.0,97.0
1041,ppg,176314.0,163496.0,71.0,97.0
1042,ppg,176324.0,163491.0,71.0,97.0
1043,ppg,176315.0,163497.0,71.0,97.0
1044,ppg,176326.0,163487.0,71.0,97.0
1045,ppg,176337.0,163498.0,71.0,97.0
1046,ppg,176359.0,163521.0,71.0,97.0
1047,ppg,176376.0,163516.0,71.0,97.0
1048,ppg,176405.0,163539.0,71.0,97.0
1049,ppg,176425.0,163548.0,71.0,97.0
1050,ppg,176445.0,163552.0,71.0,97.0
1051,ppg,176482.0,163578.0,71.0,97.0
1052,ppg,176511.0,163581.0,71.0,97.0
1053,ppg,176543.0,163597.0,71.0,97.0
1054,ppg,176577.0,163612.0,71.0,97.0
1055,ppg,176617.0,163625.0,71.0,97.0
1056,ppg,176650.0,163644.0,71.0,97.0
1057,ppg,176700.0,163670.0,71.0,97.0
1058,ppg,176738.0,163683.0,71.0,97.0
1059,ppg,176783.0,163705.0,71.0,97.0
1060,ppg,176825.0,163727.0,71.0,97.0
1061,ppg,176825.0,163727.0,71.0,97.0
1062,ppg,176861.0,163734.0,71.0,97.0
1063,ppg,176905.0,163747.0,71.0,97.0
1064,ppg,176941.0,163765.0,71.0,97.0
1065,ppg,176985.0,163786.0,71.0,97.0
1066,ppg,177020.0,163800.0,71.0,97.0
1067,ppg,177057.0,163815.0,71.0,97.0
1068,ppg,177098.0,163828.0,71.0,97.0
1069,ppg,177118.0,163836.0,71.0,97.0
1070,ppg,176318.0,163466.0,71.0,97.0
1071,ppg,176355.0,163468.0,71.0,97.0
1072,ppg,176375.0,163479.0,71.0,97.0
1073,ppg,176381.0,163499.0,71.0,97.0
1074,ppg,176378.0,163498.0,71.0,97.0
1075,ppg,176373.0,163487.0,71.0,97.0
1076,ppg,176355.0,163489.0,71.0,97.0
1077,ppg,176346.0,163481.0,71.0,97.0
1078,ppg,176337.0,163481.0,71.0,97.0
1079,ppg,176319.0,163470.0,71.0,97.0
1080,ppg,176304.0,163467.0,71.0,97.0
1081,ppg,176302.0,163471.0,71.0,97.0
1082,ppg,176285.0,163472.0,71.0,97.0
1083,ppg,176274.0,163463.0,71.0,97.0
1084,ppg,176274.0,163463.0,71.0,97.0
1085,ppg,176278.0,163460.0,71.0,97.0
1086,ppg,176287.0,163458.0,71.0,97.0
1087,ppg,176293.0,163467.0,71.0,97.0
1088,ppg,176326.0,163469.0,71.0,97.0
1089,ppg,176326.0,163469.0,71.0,97.0
1090,ppg,176339.0,163478.0,71.0,97.0
1091,ppg,176347.0,163496.0,71.0,97.0
1092,ppg,176377.0,163501.0,71.0,97.0
1093,ppg,176409.0,163506.0,71.0,97.0
1094,ppg,176447.0,163524.0,71.0,97.0
1095,ppg,176481.0,163543.0,71.0,97.0
1096,ppg,176521.0,163565.0,71.0,97.0
1097,ppg,176248.0,163446.0,70.0,97.0
1098,ppg,176251.0,163446.0,70.0,97.0
1099,ppg,176274.0,163461.0,70.0,97.0
1100,ppg,176296.0,163463.0,70.0,97.0
1101,ppg,176334.0,163484.0,70.0,97.0
1102,ppg,176382.0,163486.0,70.0,97.0
1103,ppg,176416.0,163495.0,70.0,97.0
1104,ppg,176500.0,163534.0,70.0,97.0
1105,ppg,176565.0,163560.0,70.0,97.0
1106,ppg,176641.0,163590.0,70.0,97.0
1107,ppg,176705.0,163610.0,70.0,97.0
1108,ppg,176760.0,163633.0,70.0,97.0
1109,ppg,176816.0,163660.0,70.0,97.0
1110,ppg,176864.0,163674.0,70.0,97.0
1111,ppg,176898.0,163694.0,70.0,97.0
1112,ppg,176919.0,163707.0,70.0,97.0
1113,ppg,176923.0,163712.0,70.0,97.0
1114,ppg,176920.0,163706.0,70.0,97.0
1115,ppg,176907.0,163696.0,70.0,97.0
1116,ppg,176898.0,163703.0,70.0,97.0
1117,ppg,176888.0,163691.0,70.0,97.0
1118,ppg,176878.0,163694.0,70.0,97.0
1119,ppg,176873.0,163684.0,70.0,97.0
1120,ppg,176869.0,163677.0,70.0,97.0
1121,ppg,176874.0,163677.0,70.0,97.0
1122,ppg,176873.0,163683.0,70.0,97.0
1123,ppg,176872.0,163685.0,70.0,97.0
1124,ppg,176872.0,163685.0,70.0,97.0
1125,ppg,176892.0,163690.0,70.0,97.0
1126,ppg,178326.0,164255.0,70.0,97.0
1127,ppg,178135.0,164172.0,70.0,97.0
1128,ppg,176949.0,163726.0,70.0,97.0
1129,ppg,176985.0,163724.0,70.0,97.0
1130,ppg,177021.0,163738.0,70.0,97.0
1131,ppg,177343.0,163849.0,69.0,97.0
1132,ppg,177188.0,163781.0,69.0,97.0
1133,ppg,177038.0,163722.0,69.0,97.0
1134,ppg,176915.0,163671.0,69.0,97.0
1135,ppg,176819.0,163624.0,69.0,97.0
1136,ppg,176734.0,163599.0,69.0,97.0
1137,ppg,176673.0,163556.0,69.0,97.0
1138,ppg,176627.0,163542.0,69.0,97.0
1139,ppg,176595.0,163528.0,69.0,97.0
1140,ppg,176572.0,163513.0,69.0,97.0
1141,ppg,176544.0,163500.0,69.0,97.0
1142,ppg,176547.0,163499.0,69.0,97.0
1143,ppg,176559.0,163506.0,69.0,97.0
1144,ppg,176575.0,163504.0,69.0,97.0
1145,ppg,176600.0,163517.0,69.0,97.0
1146,ppg,176655.0,163537.0,69.0,97.0
1147,ppg,176706.0,163564.0,69.0,97.0
1148,ppg,176760.0,163596.0,69.0,97.0
1149,ppg,176810.0,163602.0,69.0,97.0
1150,ppg,176864.0,163636.0,69.0,97.0
1151,ppg,176909.0,163650.0,69.0,97.0
1152,ppg,176909.0,163650.0,69.0,97.0
1153,ppg,176932.0,163661.0,69.0,97.0
1154,ppg,176953.0,163667.0,69.0,97.0
1155,ppg,176966.0,163655.0,69.0,97.0
1156,ppg,176966.0,163655.0,69.0,97.0
1157,ppg,176979.0,163659.0,69.0,97.0
1158,ppg,176963.0,163667.0,69.0,97.0
1159,ppg,178209.0,164153.0,69.0,97.0
1160,ppg,178094.0,164104.0,69.0,97.0
1161,ppg,177951.0,164057.0,69.0,97.0
1162,ppg,177791.0,163986.0,69.0,97.0
1163,ppg,177620.0,163906.0,69.0,97.0
1164,ppg,177440.0,163837.0,69.0,97.0
1165,ppg,177273.0,163769.0,69.0,97.0
1166,ppg,177097.0,163689.0,69.0,97.0
1167,ppg,176950.0,163629.0,69.0,97.0
1168,ppg,176828.0,163579.0,69.0,97.0
1169,ppg,176698.0,163529.0,69.0,97.0
1170,ppg,176620.0,163484.0,69.0,97.0
1171,ppg,176562.0,163476.0,69.0,97.0
1172,ppg,176513.0,163457.0,69.0,97.0
1173,ppg,176491.0,163435.0,69.0,97.0
1174,ppg,176471.0,163438.0,68.0,97.0
1175,ppg,176477.0,163437.0,68.0,97.0
1176,ppg,176495.0,163432.0,68.0,97.0
1177,ppg,176509.0,163454.0,68.0,97.0
1178,ppg,176538.0,163456.0,68.0,97.0
1179,ppg,176592.0,163487.0,68.0,97.0
1180,ppg,176660.0,163501.0,68.0,97.0
1181,ppg,176723.0,163540.0,68.0,97.0
1182,ppg,176779.0,163563.0,68.0,97.0
1183,ppg,176854.0,163592.0,68.0,97.0
1184,ppg,176928.0,163624.0,68.0,97.0
1185,ppg,176986.0,163641.0,68.0,97.0
1186,ppg,176986.0,163641.0,68.0,97.0
1187,ppg,178161.0,164108.0,68.0,97.0
1188,ppg,177980.0,164038.0,68.0,97.0
1189,ppg,177793.0,163955.0,68.0,97.0
1190,ppg,177585.0,163873.0,68.0,97.0
1191,ppg,177382.0,163793.0,68.0,97.0
1192,ppg,177166.0,163698.0,68.0,97.0
1193,ppg,176948.0,163607.0,68.0,97.0
1194,ppg,176782.0,163542.0,68.0,97.0
1195,ppg,176626.0,163484.0,68.0,97.0
1196,ppg,176484.0,163412.0,68.0,97.0
1197,ppg,176371.0,163372.0,68.0,97.0
1198,ppg,176278.0,163330.0,68.0,97.0
1199,ppg,176219.0,163294.0,68.0,97.0
1200,ppg,176165.0,163271.0,68.0,97.0
1201,ppg,176120.0,163266.0,68.0,97.0
1202,ppg,176085.0,163250.0,68.0,97.0
1203,ppg,176065.0,163220.0,68.0,97.0
1204,ppg,176052.0,163226.0,68.0,97.0
1205,ppg,176063.0,163220.0,68.0,97.0
1206,ppg,176075.0,163231.0,68.0,97.0
1207,ppg,176126.0,163247.0,68.0,97.0
1208,ppg,176174.0,163268.0,68.0,97.0
1209,ppg,176227.0,163289.0,68.0,97.0
1210,ppg,176276.0,163307.0,68.0,97.0
1211,ppg,176346.0,163337.0,68.0,97.0
1212,ppg,176389.0,163365.0,68.0,97.0
1213,ppg,176434.0,163370.0,68.0,97.0
1214,ppg,176434.0,163370.0,68.0,97.0
1215,ppg,176470.0,163395.0,68.0,97.0
1216,ppg,176497.0,163393.0,68.0,97.0
1217,ppg,176510.0,163407.0,68.0,97.0
1218,ppg,176510.0,163407.0,68.0,97.0
1219,ppg,176507.0,163403.0,68.0,97.0
1220,ppg,176085.0,163254.0,67.0,97.0
1221,ppg,175863.0,163157.0,67.0,97.0
1222,ppg,175678.0,163081.0,67.0,97.0
1223,ppg,175507.0,163007.0,67.0,97.0
1224,ppg,175356.0,162949.0,67.0,97.0
1225,ppg,175229.0,162888.0,67.0,97.0
1226,ppg,175141.0,162852.0,67.0,97.0
1227,ppg,175060.0,162814.0,67.0,97.0
1228,ppg,175001.0,162804.0,67.0,97.0
1229,ppg,174964.0,162786.0,67.0,97.0
1230,ppg,174927.0,162776.0,67.0,97.0
1231,ppg,174916.0,162778.0,67.0,97.0
1232,ppg,174907.0,162764.0,67.0,97.0
1233,ppg,174913.0,162763.0,67.0,97.0
1234,ppg,174937.0,162773.0,67.0,97.0
1235,ppg,174971.0,162786.0,67.0,97.0
1236,ppg,175021.0,162817.0,67.0,97.0
1237,ppg,175074.0,162836.0,67.0,97.0
1238,ppg,175128.0,162865.0,67.0,97.0
1239,ppg,175168.0,162874.0,67.0,97.0
1240,ppg,175221.0,162894.0,67.0,97.0
1241,ppg,175259.0,162918.0,67.0,97.0
1242,ppg,175300.0,162931.0,67.0,97.0
1243,ppg,175325.0,162950.0,67.0,97.0
1244,ppg,175347.0,162953.0,67.0,97.0
1245,ppg,175340.0,162945.0,67.0,97.0
1246,ppg,175349.0,162955.0,67.0,97.0
1247,ppg,175345.0,162954.0,67.0,97.0
1248,ppg,174531.0,162625.0,67.0,97.0
1249,ppg,174399.0,162567.0,67.0,97.0
1250,ppg,174287.0,162523.0,67.0,97.0
1251,ppg,174209.0,162503.0,67.0,97.0
1252,ppg,174141.0,162472.0,67.0,97.0
1253,ppg,174099.0,162458.0,67.0,97.0
1254,ppg,174086.0,162451.0,67.0,97.0
1255,ppg,174058.0,162436.0,67.0,97.0
1256,ppg,174049.0,162447.0,67.0,97.0
1257,ppg,174064.0,162455.0,67.0,97.0
1258,ppg,174074.0,162453.0,67.0,97.0
1259,ppg,174137.0,162474.0,67.0,97.0
1260,ppg,174209.0,162515.0,67.0,97.0
1261,ppg,174285.0,162541.0,67.0,97.0
1262,ppg,174367.0,162589.0,67.0,97.0
1263,ppg,174441.0,162616.0,67.0,97.0
1264,ppg,174517.0,162647.0,67.0,97.0
1265,ppg,174578.0,162672.0,67.0,97.0
1266,ppg,174621.0,162687.0,67.0,97.0
1267,ppg,174656.0,162712.0,67.0,97.0
1268,ppg,174689.0,162721.0,67.0,97.0
1269,ppg,174699.0,162730.0,67.0,97.0
1270,ppg,174705.0,162728.0,67.0,97.0
1271,ppg,174714.0,162735.0,67.0,97.0
1272,ppg,174690.0,162736.0,67.0,97.0
1273,ppg,174696.0,162742.0,67.0,97.0
1274,ppg,174680.0,162738.0,67.0,97.0
1275,ppg,174663.0,162731.0,67.0,97.0
1276,ppg,173683.0,162373.0,67.0,97.0
1277,ppg,173683.0,162373.0,67.0,97.0
1278,ppg,173683.0,162373.0,67.0,97.0
1279,ppg,173683.0,162373.0,67.0,97.0
1280,ppg,173683.0,162373.0,67.0,97.0
1281,ppg,173683.0,162373.0,67.0,97.0
1282,ppg,173642.0,162368.0,67.0,97.0
1283,ppg,173625.0,162352.0,67.0,97.0
1284,ppg,173625.0,162356.0,67.0,97.0
1285,ppg,173628.0,162369.0,67.0,97.0
1286,ppg,173654.0,162365.0,67.0,97.0
1287,ppg,173682.0,162375.0,67.0,97.0
1288,ppg,173727.0,162403.0,67.0,97.0
1289,ppg,173790.0,162438.0,67.0,97.0
1290,ppg,173871.0,162461.0,67.0,97.0
1291,ppg,173947.0,162490.0,67.0,97.0
1292,ppg,174021.0,162511.0,67.0,97.0
1293,ppg,174100.0,162552.0,67.0,97.0
1294,ppg,174155.0,162579.0,67.0,97.0
1295,ppg,174214.0,162608.0,67.0,97.0
1296,ppg,174267.0,162630.0,67.0,97.0
1297,ppg,174308.0,162646.0,67.0,97.0
1298,ppg,174317.0,162651.0,67.0,97.0
1299,ppg,174305.0,162663.0,67.0,97.0
1300,ppg,174319.0,162663.0,67.0,97.0
1301,ppg,174315.0,162660.0,67.0,97.0
1302,ppg,174315.0,162652.0,67.0,97.0
1303,ppg,174293.0,162665.0,67.0,97.0
1304,ppg,174280.0,162647.0,67.0,97.0
1305,ppg,174267.0,162650.0,67.0,97.0
1306,ppg,174253.0,162643.0,67.0,97.0
1307,ppg,174270.0,162651.0,67.0,97.0
1308,ppg,174256.0,162656.0,67.0,97.0
1309,ppg,173308.0,162277.0,67.0,97.0
1310,ppg,173214.0,162240.0,67.0,97.0
1311,ppg,173136.0,162208.0,67.0,97.0
1312,ppg,173136.0,162208.0,67.0,97.0
1313,ppg,173056.0,162183.0,67.0,97.0
1314,ppg,173016.0,162165.0,67.0,97.0
1315,ppg,172957.0,162144.0,67.0,97.0
1316,ppg,172940.0,162132.0,67.0,97.0
1317,ppg,172932.0,162125.0,67.0,97.0
1318,ppg,172933.0,162132.0,67.0,97.0
1319,ppg,172964.0,162144.0,67.0,97.0
1320,ppg,173008.0,162166.0,67.0,97.0
1321,ppg,173070.0,162191.0,67.0,97.0
1322,ppg,173143.0,162214.0,67.0,97.0
1323,ppg,173224.0,162258.0,67.0,97.0
1324,ppg,173295.0,162297.0,67.0,97.0
1325,ppg,173369.0,162313.0,67.0,97.0
1326,ppg,173413.0,162339.0,67.0,97.0
1327,ppg,173472.0,162359.0,67.0,97.0
1328,ppg,173516.0,162389.0,67.0,97.0
1329,ppg,173542.0,162408.0,67.0,97.0
1330,ppg,173548.0,162419.0,67.0,97.0
1331,ppg,173566.0,162410.0,67.0,97.0
1332,ppg,173555.0,162425.0,67.0,97.0
1333,ppg,173557.0,162424.0,67.0,97.0
1334,ppg,173534.0,162417.0,67.0,97.0
1335,ppg,173525.0,162418.0,67.0,97.0
1336,ppg,173521.0,162410.0,67.0,97.0
1337,ppg,174425.0,162811.0,67.0,97.0
1338,ppg,174173.0,162712.0,67.0,97.0
1339,ppg,173905.0,162591.0,67.0,97.0
1340,ppg,173658.0,162489.0,67.0,97.0
1341,ppg,173429.0,162395.0,67.0,97.0
1342,ppg,173226.0,162311.0,67.0,97.0
1343,ppg,173048.0,162247.0,67.0,97.0
1344,ppg,172901.0,162184.0,67.0,97.0
1345,ppg,172901.0,162184.0,67.0,97.0
1346,ppg,172779.0,162132.0,67.0,97.0
1347,ppg,172692.0,162099.0,67.0,97.0
1348,ppg,172616.0,162070.0,67.0,97.0
1349,ppg,172570.0,162043.0,68.0,97.0
1350,ppg,172525.0,162024.0,68.0,97.0
1351,ppg,172506.0,162013.0,68.0,97.0
1352,ppg,172489.0,162024.0,68.0,97.0
1353,ppg,172526.0,162038.0,68.0,97.0
1354,ppg,172557.0,162045.0,68.0,97.0
1355,ppg,172609.0,162062.0,68.0,97.0
1356,ppg,172681.0,162099.0,68.0,97.0
1357,ppg,172766.0,162136.0,68.0,97.0
1358,ppg,172860.0,162168.0,68.0,97.0
1359,ppg,172939.0,162197.0,68.0,97.0
1360,ppg,173005.0,162233.0,68.0,97.0
1361,ppg,173088.0,162265.0,68.0,97.0
1362,ppg,173130.0,162296.0,68.0,97.0
1363,ppg,173174.0,162311.0,68.0,97.0
1364,ppg,173208.0,162331.0,68.0,97.0
1365,ppg,175123.0,163151.0,68.0,97.0
1366,ppg,175167.0,163171.0,68.0,97.0
1367,ppg,175217.0,163199.0,68.0,97.0
1368,ppg,173215.0,162351.0,68.0,97.0
1369,ppg,173196.0,162338.0,68.0,97.0
1370,ppg,175326.0,163244.0,68.0,97.0
1371,ppg,175298.0,163228.0,68.0,97.0
1372,ppg,175224.0,163191.0,68.0,97.0
1373,ppg,175091.0,163136.0,68.0,97.0
1374,ppg,174905.0,163068.0,68.0,97.0
1375,ppg,174905.0,163068.0,68.0,97.0
1376,ppg,174905.0,163068.0,68.0,97.0
1377,ppg,174905.0,163068.0,68.0,97.0
1378,ppg,174905.0,163068.0,68.0,97.0
1379,ppg,174681.0,162972.0,68.0,97.0
1380,ppg,174415.0,162872.0,68.0,97.0
1381,ppg,174137.0,162756.0,68.0,97.0
1382,ppg,173857.0,162638.0,68.0,97.0
1383,ppg,173581.0,162518.0,68.0,97.0
1384,ppg,173328.0,162417.0,68.0,97.0
1385,ppg,173110.0,162325.0,68.0,97.0
1386,ppg,172922.0,162253.0,68.0,97.0
1387,ppg,172761.0,162182.0,68.0,97.0
1388,ppg,172631.0,162118.0,68.0,97.0
1389,ppg,172533.0,162089.0,68.0,97.0
1390,ppg,172457.0,162056.0,68.0,97.0
1391,ppg,172396.0,162022.0,68.0,97.0
1392,ppg,172371.0,162015.0,68.0,97.0
1393,ppg,172336.0,162005.0,68.0,97.0
1394,ppg,172332.0,162004.0,68.0,97.0
1395,ppg,172330.0,161996.0,68.0,97.0
1396,ppg,172350.0,162012.0,68.0,97.0
1397,ppg,174735.0,163043.0,68.0,97.0
1398,ppg,174771.0,163060.0,68.0,97.0
1399,ppg,174802.0,163061.0,68.0,97.0
1400,ppg,174830.0,163084.0,68.0,97.0
1401,ppg,174884.0,163094.0,68.0,97.0
1402,ppg,174915.0,163102.0,68.0,97.0
1403,ppg,174953.0,163112.0,68.0,97.0
1404,ppg,175002.0,163134.0,68.0,97.0
1405,ppg,175043.0,163148.0,68.0,97.0
1406,ppg,175096.0,163157.0,68.0,97.0
1407,ppg,175096.0,163157.0,68.0,97.0
1408,ppg,175116.0,163174.0,68.0,97.0
1409,ppg,175161.0,163190.0,68.0,97.0
1410,ppg,175207.0,163200.0,68.0,97.0
1411,ppg,175247.0,163204.0,68.0,97.0
1412,ppg,175302.0,163238.0,68.0,97.0
1413,ppg,175355.0,163260.0,68.0,97.0
1414,ppg,175407.0,163277.0,68.0,97.0
1415,ppg,175436.0,163292.0,68.0,97.0
1416,ppg,175489.0,163311.0,68.0,97.0
1417,ppg,175496.0,163312.0,68.0,97.0
1418,ppg,175443.0,163295.0,68.0,97.0
1419,ppg,175322.0,163236.0,68.0,97.0
1420,ppg,175142.0,163171.0,68.0,97.0
1421,ppg,174920.0,163077.0,68.0,97.0
1422,ppg,174659.0,162977.0,68.0,97.0
1423,ppg,174375.0,162853.0,68.0,97.0
1424,ppg,174087.0,162730.0,68.0,97.0
1425,ppg,173936.0,162653.0,67.0,97.0
1426,ppg,173982.0,162678.0,67.0,97.0
1427,ppg,174033.0,162706.0,67.0,97.0
1428,ppg,174096.0,162731.0,67.0,97.0
1429,ppg,174134.0,162738.0,67.0,97.0
1430,ppg,174185.0,162760.0,67.0,97.0
1431,ppg,174223.0,162791.0,67.0,97.0
1432,ppg,174264.0,162788.0,67.0,97.0
1433,ppg,174300.0,162809.0,67.0,97.0
1434,ppg,174333.0,162812.0,67.0,97.0
1435,ppg,174363.0,162823.0,67.0,97.0
1436,ppg,174401.0,162849.0,67.0,97.0
1437,ppg,174426.0,162841.0,67.0,97.0
1438,ppg,174465.0,162857.0,67.0,97.0
1439,ppg,174505.0,162881.0,67.0,97.0
1440,ppg,174544.0,162906.0,67.0,97.0
1441,ppg,174586.0,162916.0,67.0,97.0
1442,ppg,174626.0,162932.0,67.0,97.0
1443,ppg,174626.0,162932.0,67.0,97.0
1444,ppg,174674.0,162946.0,67.0,97.0
1445,ppg,174707.0,162965.0,67.0,97.0
1446,ppg,174746.0,162977.0,67.0,97.0
1447,ppg,174788.0,162986.0,67.0,97.0
1448,ppg,174824.0,163009.0,67.0,97.0
1449,ppg,174878.0,163018.0,67.0,97.0
1450,ppg,174911.0,163037.0,67.0,97.0
1451,ppg,174946.0,163053.0,67.0,97.0
1452,ppg,175002.0,163076.0,67.0,97.0
1453,ppg,173792.0,162571.0,66.0,97.0
1454,ppg,173854.0,162599.0,66.0,97.0
1455,ppg,173930.0,162630.0,66.0,97.0
1456,ppg,175183.0,163150.0,67.0,97.0
1457,ppg,175203.0,163151.0,67.0,97.0
1458,ppg,175166.0,163139.0,67.0,97.0
1459,ppg,174155.0,162722.0,66.0,97.0
1460,ppg,174220.0,162745.0,66.0,97.0
1461,ppg,174276.0,162767.0,66.0,97.0
1462,ppg,174339.0,162790.0,66.0,97.0
1463,ppg,174392.0,162819.0,66.0,97.0
1464,ppg,174466.0,162849.0,66.0,97.0
1465,ppg,174523.0,162871.0,66.0,97.0
1466,ppg,174581.0,162894.0,66.0,97.0
1467,ppg,174634.0,162914.0,66.0,97.0
1468,ppg,174690.0,162937.0,66.0,97.0
1469,ppg,174743.0,162965.0,66.0,97.0
1470,ppg,174800.0,162989.0,66.0,97.0
1471,ppg,174800.0,162989.0,66.0,97.0
1472,ppg,174848.0,163004.0,66.0,97.0
1473,ppg,174886.0,163022.0,66.0,97.0
1474,ppg,174934.0,163033.0,66.0,97.0
1475,ppg,174934.0,163033.0,66.0,97.0
1476,ppg,174966.0,163048.0,66.0,97.0
1477,ppg,175012.0,163063.0,66.0,97.0
1478,ppg,175048.0,163082.0,66.0,97.0
1479,ppg,175091.0,163104.0,66.0,97.0
1480,ppg,175135.0,163102.0,66.0,97.0
1481,ppg,175170.0,163119.0,66.0,97.0
1482,ppg,175224.0,163139.0,66.0,97.0
1483,ppg,175260.0,163162.0,66.0,97.0
1484,ppg,175312.0,163173.0,66.0,97.0
1485,ppg,175352.0,163201.0,66.0,97.0
1486,ppg,173682.0,162449.0,65.0,97.0
1487,ppg,173704.0,162464.0,65.0,97.0
1488,ppg,173732.0,162471.0,65.0,97.0
1489,ppg,173767.0,162485.0,65.0,97.0
1490,ppg,173788.0,162505.0,65.0,97.0
1491,ppg,173826.0,162522.0,65.0,97.0
1492,ppg,173867.0,162535.0,65.0,97.0
1493,ppg,173917.0,162552.0,65.0,97.0
1494,ppg,173978.0,162585.0,65.0,97.0
1495,ppg,174026.0,162610.0,65.0,97.0
1496,ppg,174093.0,162630.0,65.0,97.0
1497,ppg,174156.0,162659.0,65.0,97.0
1498,ppg,174202.0,162691.0,65.0,97.0
1499,ppg,174268.0,162702.0,65.0,97.0
1500,ppg,174331.0,162731.0,65.0,97.0
1501,ppg,174392.0,162753.0,65.0,97.0
1502,ppg,174455.0,162783.0,65.0,97.0
1503,ppg,174528.0,162806.0,65.0,97.0
1504,ppg,174569.0,162823.0,65.0,97.0
1505,ppg,174569.0,162823.0,65.0,97.0
1506,ppg,174627.0,162847.0,65.0,97.0
1507,ppg,174671.0,162862.0,65.0,97.0
1508,ppg,174728.0,162883.0,65.0,97.0
1509,ppg,174786.0,162908.0,65.0,97.0
1510,ppg,174833.0,162928.0,65.0,97.0
1511,ppg,174878.0,162952.0,65.0,97.0
1512,ppg,174929.0,162963.0,65.0,97.0
1513,ppg,174980.0,162994.0,65.0,97.0
1514,ppg,175010.0,162999.0,65.0,97.0
1515,ppg,173775.0,162417.0,65.0,97.0
1516,ppg,173762.0,162423.0,65.0,97.0
1517,ppg,173742.0,162422.0,65.0,97.0
1518,ppg,173737.0,162403.0,65.0,97.0
1519,ppg,173718.0,162416.0,65.0,97.0
1520,ppg,173712.0,162393.0,65.0,97.0
1521,ppg,173702.0,162402.0,65.0,97.0
1522,ppg,173711.0,162399.0,65.0,97.0
1523,ppg,173721.0,162415.0,65.0,97.0
1524,ppg,173744.0,162410.0,65.0,97.0
1525,ppg,173764.0,162427.0,65.0,97.0
1526,ppg,173791.0,162446.0,65.0,97.0
1527,ppg,173833.0,162462.0,65.0,97.0
1528,ppg,173876.0,162470.0,65.0,97.0
1529,ppg,173916.0,162488.0,65.0,97.0
1530,ppg,173975.0,162512.0,65.0,97.0
1531,ppg,174029.0,162542.0,65.0,97.0
1532,ppg,174086.0,162566.0,65.0,97.0
1533,ppg,174086.0,162566.0,65.0,97.0
1534,ppg,174142.0,162594.0,65.0,97.0
1535,ppg,174202.0,162609.0,65.0,97.0
1536,ppg,174241.0,162621.0,65.0,97.0
1537,ppg,174241.0,162621.0,65.0,97.0
1538,ppg,174300.0,162654.0,65.0,97.0
1539,ppg,174343.0,162667.0,65.0,97.0
1540,ppg,174413.0,162694.0,65.0,97.0
1541,ppg,174469.0,162716.0,65.0,97.0
1542,ppg,174741.0,162773.0,65.0,97.0
1543,ppg,174576.0,162756.0,65.0,97.0
1544,ppg,174633.0,162791.0,65.0,97.0
1545,ppg,174682.0,162799.0,65.0,97.0
1546,ppg,174753.0,162829.0,65.0,97.0
1547,ppg,174787.0,162846.0,65.0,97.0
1548,ppg,174766.0,162725.0,65.0,97.0
1549,ppg,174757.0,162718.0,65.0,97.0
1550,ppg,174739.0,162695.0,65.0,97.0
1551,ppg,174719.0,162686.0,65.0,97.0
1552,ppg,174719.0,162667.0,65.0,97.0
1553,ppg,174712.0,162663.0,65.0,97.0
1554,ppg,174721.0,162667.0,65.0,97.0
1555,ppg,174733.0,162666.0,65.0,97.0
1556,ppg,174768.0,162669.0,65.0,97.0
1557,ppg,174820.0,162694.0,65.0,97.0
1558,ppg,174869.0,162721.0,65.0,97.0
1559,ppg,174938.0,162750.0,65.0,97.0
1560,ppg,175000.0,162775.0,65.0,97.0
1561,ppg,175056.0,162788.0,65.0,97.0
1562,ppg,175129.0,162824.0,65.0,97.0
1563,ppg,175187.0,162845.0,65.0,97.0
1564,ppg,175255.0,162867.0,65.0,97.0
1565,ppg,175311.0,162896.0,65.0,97.0
1566,ppg,175382.0,162913.0,65.0,97.0
1567,ppg,175444.0,162953.0,65.0,97.0
1568,ppg,175444.0,162953.0,65.0,97.0
1569,ppg,175493.0,162971.0,65.0,97.0
1570,ppg,175562.0,163002.0,65.0,97.0
1571,ppg,175622.0,163027.0,65.0,97.0
1572,ppg,175688.0,163048.0,65.0,97.0
1573,ppg,175742.0,163077.0,65.0,97.0
1574,ppg,175803.0,163095.0,65.0,97.0
1575,ppg,175857.0,163124.0,65.0,97.0
1576,ppg,175891.0,163113.0,65.0,97.0
1577,ppg,175908.0,163110.0,65.0,97.0
1578,ppg,175875.0,163104.0,65.0,97.0
1579,ppg,175863.0,163090.0,65.0,97.0
1580,ppg,175836.0,163084.0,65.0,97.0
1581,ppg,175823.0,163083.0,65.0,97.0
1582,ppg,175824.0,163085.0,65.0,97.0
1583,ppg,175804.0,163072.0,65.0,97.0
1584,ppg,175808.0,163075.0,65.0,97.0
1585,ppg,175795.0,163071.0,65.0,97.0
1586,ppg,175783.0,163060.0,65.0,97.0
1587,ppg,175785.0,163043.0,65.0,97.0
1588,ppg,175785.0,163041.0,65.0,97.0
1589,ppg,175795.0,163040.0,65.0,97.0
1590,ppg,175819.0,163035.0,65.0,97.0
1591,ppg,175854.0,163045.0,65.0,97.0
1592,ppg,175900.0,163054.0,65.0,97.0
1593,ppg,175950.0,163075.0,65.0,97.0
1594,ppg,176007.0,163086.0,65.0,97.0
1595,ppg,176071.0,163107.0,65.0,97.0
1596,ppg,176071.0,163107.0,65.0,97.0
1597,ppg,176071.0,163107.0,65.0,97.0
1598,ppg,176071.0,163107.0,65.0,97.0
1599,ppg,176071.0,163107.0,65.0,97.0
1600,ppg,176071.0,163107.0,65.0,97.0
1601,ppg,176137.0,163140.0,65.0,97.0
1602,ppg,176213.0,163161.0,65.0,97.0
1603,ppg,177037.0,163550.0,66.0,97.0
1604,ppg,177051.0,163557.0,66.0,97.0
1605,ppg,177076.0,163565.0,66.0,97.0
1606,ppg,177074.0,163568.0,66.0,97.0
1607,ppg,177062.0,163560.0,66.0,97.0
1608,ppg,177056.0,163547.0,66.0,97.0
1609,ppg,177058.0,163550.0,66.0,97.0
1610,ppg,177061.0,163551.0,66.0,97.0
1611,ppg,177061.0,163547.0,66.0,97.0
1612,ppg,177073.0,163549.0,66.0,97.0
1613,ppg,177089.0,163558.0,66.0,97.0
1614,ppg,177104.0,163560.0,66.0,97.0
1615,ppg,177115.0,163558.0,66.0,97.0
1616,ppg,177132.0,163548.0,66.0,97.0
1617,ppg,177154.0,163557.0,66.0,97.0
1618,ppg,177191.0,163565.0,66.0,97.0
1619,ppg,177228.0,163582.0,66.0,97.0
1620,ppg,177265.0,163601.0,66.0,97.0
1621,ppg,177315.0,163611.0,66.0,97.0
1622,ppg,177351.0,163631.0,66.0,97.0
1623,ppg,177417.0,163651.0,66.0,97.0
1624,ppg,177483.0,163663.0,66.0,97.0
1625,ppg,177545.0,163701.0,66.0,97.0
1626,ppg,177608.0,163732.0,66.0,97.0
1627,ppg,177684.0,163755.0,66.0,97.0
1628,ppg,177766.0,163783.0,66.0,97.0
1629,ppg,177830.0,163806.0,66.0,97.0
1630,ppg,177830.0,163806.0,66.0,97.0
1631,ppg,177903.0,163847.0,66.0,97.0
1632,ppg,177969.0,163860.0,66.0,97.0
1633,ppg,178041.0,163900.0,66.0,97.0
1634,ppg,178108.0,163920.0,66.0,97.0
1635,ppg,178186.0,163950.0,66.0,97.0
1636,ppg,176036.0,162871.0,66.0,97.0
1637,ppg,176039.0,162879.0,66.0,97.0
1638,ppg,176038.0,162881.0,66.0,97.0
1639,ppg,176057.0,162879.0,66.0,97.0
1640,ppg,176061.0,162881.0,66.0,97.0
1641,ppg,176070.0,162881.0,66.0,97.0
1642,ppg,176087.0,162880.0,66.0,97.0
1643,ppg,176107.0,162887.0,66.0,97.0
1644,ppg,176138.0,162903.0,66.0,97.0
1645,ppg,176166.0,162914.0,66.0,97.0
1646,ppg,176207.0,162921.0,66.0,97.0
1647,ppg,176236.0,162937.0,66.0,97.0
1648,ppg,176293.0,162963.0,66.0,97.0
1649,ppg,176324.0,162966.0,66.0,97.0
1650,ppg,176371.0,162984.0,66.0,97.0
1651,ppg,176433.0,163020.0,66.0,97.0
1652,ppg,176483.0,163035.0,66.0,97.0
1653,ppg,176543.0,163061.0,66.0,97.0
1654,ppg,176591.0,163075.0,66.0,97.0
1655,ppg,176630.0,163095.0,66.0,97.0
1656,ppg,176699.0,163116.0,66.0,97.0
1657,ppg,176748.0,163133.0,66.0,97.0
1658,ppg,176748.0,163133.0,66.0,97.0
1659,ppg,176748.0,163133.0,66.0,97.0
1660,ppg,176748.0,163133.0,66.0,97.0
1661,ppg,176748.0,163133.0,66.0,97.0
1662,ppg,176820.0,163166.0,66.0,97.0
1663,ppg,176867.0,163196.0,66.0,97.0
1664,ppg,176003.0,162839.0,68.0,97.0
1665,ppg,176064.0,162875.0,68.0,97.0
1666,ppg,176120.0,162903.0,68.0,97.0
1667,ppg,176185.0,162937.0,68.0,97.0
1668,ppg,176231.0,162957.0,68.0,97.0
1669,ppg,176281.0,162982.0,68.0,97.0
1670,ppg,176336.0,163003.0,68.0,97.0
1671,ppg,176392.0,163023.0,68.0,97.0
1672,ppg,176445.0,163041.0,68.0,97.0
1673,ppg,176509.0,163080.0,68.0,97.0
1674,ppg,176583.0,163103.0,68.0,97.0
1675,ppg,176640.0,163132.0,68.0,97.0
1676,ppg,176717.0,163167.0,68.0,97.0
1677,ppg,176764.0,163186.0,68.0,97.0
1678,ppg,176823.0,163205.0,68.0,97.0
1679,ppg,176897.0,163243.0,68.0,97.0
1680,ppg,176962.0,163274.0,68.0,97.0
1681,ppg,177028.0,163300.0,68.0,97.0
1682,ppg,177080.0,163340.0,68.0,97.0
1683,ppg,177108.0,163376.0,68.0,97.0
1684,ppg,177132.0,163388.0,68.0,97.0
1685,ppg,177150.0,163408.0,68.0,97.0
1686,ppg,177197.0,163436.0,68.0,97.0
1687,ppg,177228.0,163468.0,68.0,97.0
1688,ppg,177291.0,163494.0,68.0,97.0
1689,ppg,177338.0,163513.0,68.0,97.0
1690,ppg,177407.0,163559.0,68.0,97.0
1691,ppg,177454.0,163575.0,68.0,97.0
1692,ppg,178322.0,163787.0,68.0,97.0
1693,ppg,178367.0,163798.0,68.0,97.0
1694,ppg,178367.0,163798.0,68.0,97.0
1695,ppg,178367.0,163798.0,68.0,97.0
1696,ppg,178367.0,163798.0,68.0,97.0
1697,ppg,178367.0,163798.0,68.0,97.0
1698,ppg,178386.0,163800.0,68.0,97.0
1699,ppg,178397.0,163806.0,68.0,97.0
1700,ppg,178433.0,163813.0,68.0,97.0
1701,ppg,178456.0,163820.0,68.0,97.0
1702,ppg,178499.0,163836.0,68.0,97.0
1703,ppg,178535.0,163857.0,69.0,97.0
1704,ppg,178578.0,163866.0,69.0,97.0
1705,ppg,178624.0,163879.0,69.0,97.0
1706,ppg,178651.0,163908.0,69.0,97.0
1707,ppg,178680.0,163906.0,69.0,97.0
1708,ppg,178699.0,163911.0,69.0,97.0
1709,ppg,178738.0,163923.0,69.0,97.0
1710,ppg,178761.0,163933.0,69.0,97.0
1711,ppg,178799.0,163941.0,69.0,97.0
1712,ppg,178822.0,163963.0,69.0,97.0
1713,ppg,178814.0,163939.0,69.0,97.0
1714,ppg,178801.0,163938.0,69.0,97.0
1715,ppg,178753.0,163903.0,69.0,97.0
1716,ppg,178662.0,163869.0,69.0,97.0
1717,ppg,178561.0,163817.0,69.0,97.0
1718,ppg,178454.0,163773.0,69.0,97.0
1719,ppg,178697.0,163683.0,69.0,97.0
1720,ppg,178719.0,163690.0,69.0,97.0
1721,ppg,178751.0,163686.0,69.0,97.0
1722,ppg,178040.0,163591.0,69.0,97.0
1723,ppg,177953.0,163566.0,69.0,97.0
1724,ppg,178794.0,163699.0,69.0,97.0
1725,ppg,178810.0,163706.0,69.0,97.0
1726,ppg,178810.0,163706.0,69.0,97.0
1727,ppg,178836.0,163706.0,69.0,97.0
1728,ppg,178870.0,163715.0,69.0,97.0
1729,ppg,178878.0,163716.0,69.0,97.0
1730,ppg,178894.0,163713.0,69.0,97.0
1731,ppg,178914.0,163719.0,69.0,97.0
1732,ppg,178923.0,163720.0,69.0,97.0
1733,ppg,178933.0,163722.0,69.0,97.0
1734,ppg,178942.0,163718.0,69.0,97.0
1735,ppg,178958.0,163725.0,69.0,97.0
1736,ppg,178993.0,163725.0,69.0,97.0
1737,ppg,179016.0,163728.0,69.0,97.0
1738,ppg,179027.0,163727.0,69.0,97.0
1739,ppg,179004.0,163712.0,69.0,97.0
1740,ppg,178958.0,163695.0,69.0,97.0
1741,ppg,178892.0,163654.0,69.0,97.0
1742,ppg,178809.0,163612.0,69.0,97.0
1743,ppg,178702.0,163559.0,69.0,97.0
1744,ppg,178608.0,163524.0,69.0,97.0
1745,ppg,178517.0,163491.0,69.0,97.0
1746,ppg,178440.0,163453.0,69.0,97.0
1747,ppg,178362.0,163424.0,69.0,97.0
1748,ppg,178285.0,163392.0,70.0,97.0
1749,ppg,178222.0,163372.0,70.0,97.0
1750,ppg,178178.0,163349.0,70.0,97.0
1751,ppg,178128.0,163335.0,70.0,97.0
1752,ppg,178105.0,163326.0,70.0,97.0
1753,ppg,179153.0,163545.0,70.0,97.0
1754,ppg,179181.0,163556.0,70.0,97.0
1755,ppg,179181.0,163556.0,70.0,97.0
1756,ppg,179201.0,163557.0,70.0,97.0
1757,ppg,179219.0,163565.0,70.0,97.0
1758,ppg,179219.0,163565.0,70.0,97.0
1759,ppg,179219.0,163565.0,70.0,97.0
1760,ppg,179249.0,163575.0,70.0,97.0
1761,ppg,179270.0,163567.0,70.0,97.0
1762,ppg,179287.0,163583.0,70.0,97.0
1763,ppg,179297.0,163583.0,70.0,97.0
1764,ppg,179310.0,163574.0,70.0,97.0
1765,ppg,179320.0,163564.0,70.0,97.0
1766,ppg,179323.0,163571.0,70.0,97.0
1767,ppg,179335.0,163564.0,70.0,97.0
1768,ppg,179314.0,163556.0,70.0,97.0
1769,ppg,179310.0,163541.0,70.0,97.0
1770,ppg,179268.0,163516.0,70.0,97.0
1771,ppg,179219.0,163487.0,70.0,97.0
1772,ppg,179131.0,163457.0,70.0,97.0
1773,ppg,179054.0,163431.0,70.0,97.0
1774,ppg,178969.0,163390.0,70.0,97.0
1775,ppg,178885.0,163359.0,70.0,97.0
1776,ppg,178809.0,163315.0,70.0,97.0
1777,ppg,178737.0,163281.0,70.0,97.0
1778,ppg,178668.0,163253.0,70.0,97.0
1779,ppg,178626.0,163229.0,70.0,97.0
1780,ppg,179166.0,163216.0,72.0,97.0
1781,ppg,179169.0,163211.0,72.0,97.0
1782,ppg,179174.0,163204.0,72.0,97.0
1783,ppg,179193.0,163211.0,72.0,97.0
1784,ppg,179204.0,163209.0,72.0,97.0
1785,ppg,179226.0,163212.0,72.0,97.0
1786,ppg,179227.0,163212.0,72.0,97.0
1787,ppg,179238.0,163205.0,72.0,97.0
1788,ppg,179238.0,163205.0,72.0,97.0
1789,ppg,179238.0,163207.0,72.0,97.0
1790,ppg,179246.0,163206.0,72.0,97.0
1791,ppg,179259.0,163205.0,72.0,97.0
1792,ppg,179281.0,163199.0,72.0,97.0
1793,ppg,179270.0,163192.0,72.0,97.0
1794,ppg,179275.0,163199.0,72.0,97.0
1795,ppg,179250.0,163179.0,72.0,97.0
1796,ppg,179186.0,163146.0,72.0,97.0
1797,ppg,179102.0,163110.0,72.0,97.0
1798,ppg,179010.0,163079.0,72.0,97.0
1799,ppg,178881.0,163023.0,72.0,97.0
1800,ppg,178774.0,162974.0,72.0,97.0
1801,ppg,178654.0,162923.0,72.0,97.0
1802,ppg,178533.0,162880.0,72.0,97.0
1803,ppg,178434.0,162824.0,72.0,97.0
1804,ppg,178344.0,162783.0,72.0,97.0
1805,ppg,178267.0,162738.0,72.0,97.0
1806,ppg,178194.0,162692.0,72.0,97.0
1807,ppg,178146.0,162670.0,72.0,97.0
1808,ppg,178331.0,162494.0,73.0,97.0
1809,ppg,178048.0,162616.0,72.0,97.0
1810,ppg,178037.0,162601.0,72.0,97.0
1811,ppg,178005.0,162583.0,72.0,97.0
1812,ppg,177982.0,162568.0,72.0,97.0
1813,ppg,178381.0,162507.0,73.0,97.0
1814,ppg,178407.0,162506.0,73.0,97.0
1815,ppg,178420.0,162513.0,73.0,97.0
1816,ppg,178439.0,162513.0,73.0,97.0
1817,ppg,178439.0,162513.0,73.0,97.0
1818,ppg,178451.0,162521.0,73.0,97.0
1819,ppg,178469.0,162533.0,73.0,97.0
1820,ppg,178469.0,162533.0,73.0,97.0
1821,ppg,178469.0,162533.0,73.0,97.0
1822,ppg,178477.0,162526.0,73.0,97.0
1823,ppg,178489.0,162526.0,73.0,97.0
1824,ppg,178513.0,162545.0,73.0,97.0
1825,ppg,178528.0,162545.0,73.0,97.0
1826,ppg,178529.0,162545.0,73.0,97.0
1827,ppg,178507.0,162528.0,73.0,97.0
1828,ppg,178447.0,162505.0,73.0,97.0
1829,ppg,178346.0,162466.0,73.0,97.0
1830,ppg,178238.0,162416.0,73.0,97.0
1831,ppg,178107.0,162353.0,73.0,97.0
1832,ppg,177965.0,162286.0,73.0,97.0
1833,ppg,177841.0,162222.0,73.0,97.0
1834,ppg,177688.0,162153.0,73.0,97.0
1835,ppg,177545.0,162088.0,73.0,97.0
1836,ppg,177428.0,162029.0,73.0,97.0
1837,ppg,177325.0,161976.0,73.0,97.0
1838,ppg,177238.0,161937.0,73.0,97.0
1839,ppg,177163.0,161908.0,73.0,97.0
1840,ppg,177122.0,161890.0,73.0,97.0
1841,ppg,177614.0,162058.0,73.0,97.0
1842,ppg,177621.0,162051.0,73.0,97.0
1843,ppg,177655.0,162063.0,73.0,97.0
1844,ppg,177665.0,162076.0,73.0,97.0
1845,ppg,177698.0,162097.0,73.0,97.0
1846,ppg,177733.0,162109.0,73.0,97.0
1847,ppg,177741.0,162106.0,73.0,97.0
1848,ppg,177752.0,162118.0,73.0,97.0
1849,ppg,177779.0,162139.0,73.0,97.0
1850,ppg,177779.0,162139.0,73.0,97.0
1851,ppg,177810.0,162144.0,73.0,97.0
1852,ppg,177836.0,162166.0,73.0,97.0
1853,ppg,177850.0,162162.0,73.0,97.0
1854,ppg,177841.0,162162.0,73.0,97.0
1855,ppg,177784.0,162148.0,73.0,97.0
1856,ppg,177687.0,162104.0,73.0,97.0
1857,ppg,177575.0,162067.0,73.0,97.0
1858,ppg,177441.0,162000.0,73.0,97.0
1859,ppg,177298.0,161936.0,73.0,97.0
1860,ppg,177147.0,161874.0,73.0,97.0
1861,ppg,177013.0,161813.0,73.0,97.0
1862,ppg,176892.0,161758.0,73.0,97.0
1863,ppg,176779.0,161711.0,73.0,97.0
1864,ppg,176696.0,161667.0,73.0,97.0
1865,ppg,176619.0,161638.0,73.0,97.0
1866,ppg,176553.0,161610.0,73.0,97.0
1867,ppg,176512.0,161589.0,73.0,97.0
1868,ppg,176466.0,161571.0,73.0,97.0
1869,ppg,177557.0,162223.0,73.0,97.0
1870,ppg,177589.0,162229.0,73.0,97.0
1871,ppg,177612.0,162255.0,73.0,97.0
1872,ppg,177635.0,162261.0,73.0,97.0
1873,ppg,177666.0,162271.0,73.0,97.0
1874,ppg,177697.0,162284.0,73.0,97.0
1875,ppg,177733.0,162302.0,73.0,97.0
1876,ppg,177752.0,162314.0,73.0,97.0
1877,ppg,177780.0,162330.0,73.0,97.0
1878,ppg,177804.0,162336.0,73.0,97.0
1879,ppg,177827.0,162361.0,73.0,97.0
1880,ppg,177874.0,162377.0,73.0,97.0
1881,ppg,177889.0,162384.0,73.0,97.0
1882,ppg,177916.0,162390.0,73.0,97.0
1883,ppg,177920.0,162401.0,73.0,97.0
1884,ppg,177900.0,162393.0,73.0,97.0
1885,ppg,177900.0,162393.0,73.0,97.0
1886,ppg,177849.0,162377.0,73.0,97.0
1887,ppg,177747.0,162339.0,73.0,97.0
1888,ppg,177623.0,162290.0,73.0,97.0
1889,ppg,177478.0,162225.0,73.0,97.0
1890,ppg,177309.0,162168.0,73.0,97.0
1891,ppg,177139.0,162082.0,73.0,97.0
1892,ppg,176964.0,162012.0,73.0,97.0
1893,ppg,176819.0,161951.0,73.0,97.0
1894,ppg,176676.0,161892.0,73.0,97.0
1895,ppg,176568.0,161840.0,73.0,97.0
1896,ppg,176459.0,161801.0,73.0,97.0
1897,ppg,176385.0,161770.0,73.0,97.0
1898,ppg,176312.0,161739.0,73.0,97.0
1899,ppg,176266.0,161723.0,73.0,97.0
1900,ppg,176229.0,161719.0,73.0,97.0
1901,ppg,176198.0,161709.0,73.0,97.0
1902,ppg,176884.0,162132.0,73.0,97.0
1903,ppg,176909.0,162155.0,73.0,97.0
1904,ppg,176946.0,162162.0,73.0,97.0
1905,ppg,176963.0,162180.0,73.0,97.0
1906,ppg,176998.0,162201.0,73.0,97.0
1907,ppg,177023.0,162219.0,73.0,97.0
1908,ppg,177052.0,162221.0,73.0,97.0
1909,ppg,177069.0,162245.0,73.0,97.0
1910,ppg,177109.0,162250.0,73.0,97.0
1911,ppg,177130.0,162263.0,73.0,97.0
1912,ppg,177157.0,162280.0,73.0,97.0
1913,ppg,177178.0,162287.0,73.0,97.0
1914,ppg,177178.0,162287.0,73.0,97.0
1915,ppg,177209.0,162302.0,73.0,97.0
1916,ppg,177235.0,162306.0,73.0,97.0
1917,ppg,177272.0,162331.0,73.0,97.0
1918,ppg,177310.0,162352.0,73.0,97.0
1919,ppg,177327.0,162352.0,73.0,97.0
1920,ppg,177334.0,162354.0,73.0,97.0
1921,ppg,177305.0,162344.0,73.0,97.0
1922,ppg,177219.0,162313.0,73.0,97.0
1923,ppg,177138.0,162281.0,73.0,97.0
1924,ppg,176999.0,162223.0,73.0,97.0
1925,ppg,176843.0,162162.0,73.0,97.0
1926,ppg,176680.0,162094.0,73.0,97.0
1927,ppg,176510.0,162028.0,73.0,97.0
1928,ppg,176350.0,161977.0,73.0,97.0
1929,ppg,176212.0,161915.0,73.0,97.0
1930,ppg,176379.0,162210.0,73.0,97.0
1931,ppg,176420.0,162235.0,73.0,97.0
1932,ppg,176455.0,162252.0,73.0,97.0
1933,ppg,176481.0,162267.0,73.0,97.0
1934,ppg,176511.0,162274.0,73.0,97.0
1935,ppg,176558.0,162307.0,73.0,97.0
1936,ppg,176591.0,162316.0,73.0,97.0
1937,ppg,176616.0,162335.0,73.0,97.0
1938,ppg,176646.0,162358.0,73.0,97.0
1939,ppg,176662.0,162363.0,73.0,97.0
1940,ppg,176694.0,162371.0,73.0,97.0
1941,ppg,176725.0,162389.0,73.0,97.0
1942,ppg,176748.0,162396.0,73.0,97.0
1943,ppg,176782.0,162412.0,73.0,97.0
1944,ppg,176819.0,162432.0,73.0,97.0
1945,ppg,176849.0,162449.0,73.0,97.0
1946,ppg,176873.0,162468.0,73.0,97.0
1947,ppg,176891.0,162484.0,73.0,97.0
1948,ppg,176881.0,162482.0,73.0,97.0
1949,ppg,176833.0,162457.0,73.0,97.0
1950,ppg,176833.0,162457.0,73.0,97.0
1951,ppg,176755.0,162435.0,73.0,97.0
1952,ppg,176638.0,162396.0,73.0,97.0
1953,ppg,176509.0,162350.0,73.0,97.0
1954,ppg,176350.0,162277.0,73.0,97.0
1955,ppg,176185.0,162227.0,73.0,97.0
1956,ppg,176022.0,162169.0,73.0,97.0
1957,ppg,175875.0,162086.0,73.0,97.0
1958,ppg,175719.0,162042.0,73.0,97.0
1959,ppg,176509.0,162571.0,73.0,97.0
1960,ppg,176555.0,162593.0,73.0,97.0
1961,ppg,175403.0,161916.0,73.0,97.0
1962,ppg,175334.0,161897.0,73.0,97.0
1963,ppg,175286.0,161872.0,73.0,97.0
1964,ppg,176670.0,162645.0,73.0,97.0
1965,ppg,176700.0,162664.0,73.0,97.0
1966,ppg,176746.0,162669.0,73.0,97.0
1967,ppg,176796.0,162690.0,73.0,97.0
1968,ppg,176820.0,162701.0,73.0,97.0
1969,ppg,176860.0,162729.0,73.0,97.0
1970,ppg,176895.0,162750.0,73.0,97.0
1971,ppg,176918.0,162761.0,73.0,97.0
1972,ppg,176948.0,162775.0,73.0,97.0
1973,ppg,176977.0,162787.0,73.0,97.0
1974,ppg,176989.0,162807.0,73.0,97.0
1975,ppg,176977.0,162789.0,73.0,97.0
1976,ppg,176929.0,162773.0,73.0,97.0
1977,ppg,176840.0,162759.0,73.0,97.0
1978,ppg,176715.0,162709.0,73.0,97.0
1979,ppg,176566.0,162643.0,73.0,97.0
1980,ppg,176374.0,162570.0,73.0,97.0
1981,ppg,176186.0,162492.0,73.0,97.0
1982,ppg,175979.0,162416.0,73.0,97.0
1983,ppg,175810.0,162346.0,73.0,97.0
1984,ppg,175810.0,162346.0,73.0,97.0
