Category,Value1,Value2,Value3,Value4
Ã¸,,,,
1,,,,
temp,32.93,35.01,,
temp,32.93,35.01,,
temp,32.93,35.01,,
temp,32.93,35.01,,
temp,32.93,35.01,,
temp,32.93,35.01,,
temp,32.93,35.01,,
temp,32.93,35.01,,
temp,32.93,35.01,,
temp,32.93,35.01,,
2,,,,
ppg,168674,153992,97,98
ppg,168490,153940,97,98
ppg,168208,153850,97,98
ppg,167869,153734,97,98
ppg,167496,153610,97,98
ppg,167496,153610,97,98
ppg,167157,153492,97,98
ppg,166879,153384,97,98
ppg,166637,153319,97,98
ppg,166475,153273,97,98
ppg,166408,153246,97,98
ppg,166374,153244,97,98
ppg,166387,153248,97,98
ppg,166433,153266,97,98
ppg,166496,153292,97,98
ppg,166540,153313,97,98
ppg,166606,153326,97,98
ppg,166669,153348,97,98
ppg,166712,153357,97,98
ppg,166761,153367,97,98
ppg,166827,153394,97,98
ppg,166917,153412,97,98
ppg,167043,153441,97,98
ppg,167184,153484,97,98
ppg,167319,153516,97,98
ppg,166705,153545,95,98
ppg,166771,153575,95,98
ppg,166865,153612,95,98
ppg,166939,153660,95,98
ppg,167031,153698,95,98
ppg,167103,153725,95,98
ppg,167168,153768,95,98
ppg,167229,153800,95,98
ppg,167286,153831,95,98
ppg,167286,153831,95,98
ppg,167363,153862,95,98
ppg,167465,153901,95,98
ppg,167560,153954,95,98
ppg,167654,153976,95,98
ppg,167751,154018,95,98
ppg,167812,154030,95,98
ppg,167869,154042,95,98
ppg,167897,154034,95,98
ppg,167913,154038,95,98
ppg,167911,154027,95,98
ppg,167901,154027,95,98
ppg,167897,154006,95,98
ppg,167884,153994,95,98
ppg,167889,153986,95,98
ppg,167897,153979,95,98
ppg,167912,153987,95,98
ppg,167954,153988,95,98
ppg,167988,153982,95,98
ppg,168026,153989,95,98
ppg,168061,154002,95,98
ppg,168123,154000,95,98
ppg,168172,154015,95,98
ppg,168211,154035,95,98
ppg,167701,153889,95,98
ppg,167677,153869,95,98
ppg,167682,153863,95,98
ppg,167685,153868,95,98
ppg,167706,153854,95,98
ppg,167736,153871,95,98
ppg,167775,153864,95,98
ppg,167820,153881,95,98
ppg,167879,153885,95,98
ppg,167932,153906,95,98
ppg,167979,153923,95,98
ppg,167979,153923,95,98
ppg,168047,153935,95,98
ppg,168097,153951,95,98
ppg,168155,153961,95,98
ppg,168208,153968,95,98
ppg,168255,154003,95,98
ppg,168300,154003,95,98
ppg,168333,154007,95,98
ppg,168378,154033,95,98
ppg,168424,154040,95,98
ppg,168482,154062,95,98
ppg,168513,154081,95,98
ppg,168536,154085,95,98
ppg,168586,154092,95,98
ppg,168602,154103,95,98
ppg,168621,154106,95,98
ppg,168639,154107,95,98
ppg,168270,153895,93,98
ppg,168320,153915,93,98
ppg,168372,153929,93,98
ppg,168411,153948,93,98
ppg,168453,153975,93,98
ppg,168503,153987,93,98
ppg,168546,154006,93,98
ppg,168576,154027,93,98
ppg,168607,154057,93,98
ppg,168632,154069,93,98
ppg,168667,154107,93,98
ppg,168667,154107,93,98
ppg,168667,154107,93,98
ppg,168667,154107,93,98
ppg,168667,154107,93,98
ppg,168667,154107,93,98
ppg,168679,154137,93,98
ppg,168689,154162,93,98
ppg,168685,154183,93,98
ppg,168653,154173,93,98
ppg,168633,154141,93,98
ppg,168602,154100,93,98
ppg,168624,154059,93,98
ppg,168660,154040,93,98
ppg,168709,154001,93,98
ppg,168745,153987,93,98
ppg,168756,154020,93,98
ppg,168746,154152,93,99
ppg,168822,154174,93,99
ppg,168882,154218,93,99
ppg,168939,154260,93,99
ppg,168986,154301,93,99
ppg,169052,154354,93,99
ppg,169091,154392,93,99
ppg,169126,154429,93,99
ppg,169135,154473,92,99
ppg,169116,154479,92,99
ppg,169021,154478,92,99
ppg,168809,154413,92,99
ppg,168497,154315,92,99
ppg,168111,154178,92,99
ppg,167665,154008,92,99
ppg,167259,153830,92,99
ppg,166899,153679,92,99
ppg,166899,153679,92,99
ppg,166610,153551,92,99
ppg,166419,153450,92,99
ppg,166319,153383,92,99
ppg,166287,153349,92,99
ppg,166339,153349,92,99
ppg,166429,153362,92,99
ppg,166569,153393,92,99
ppg,166701,153424,92,99
ppg,166863,153487,92,99
ppg,166979,153541,92,99
ppg,167076,153594,92,99
ppg,167159,153641,92,99
ppg,167239,153680,92,99
ppg,167344,153737,92,99
ppg,167464,153808,92,99
ppg,166535,153562,92,99
ppg,166598,153596,92,99
ppg,166670,153618,92,99
ppg,166737,153651,92,99
ppg,166821,153678,92,99
ppg,166876,153700,92,99
ppg,166930,153718,92,99
ppg,166974,153733,92,99
ppg,167049,153768,92,99
ppg,167122,153795,92,99
ppg,167223,153837,92,99
ppg,167320,153867,92,99
ppg,167426,153897,92,99
ppg,167518,153921,92,99
ppg,167577,153958,92,99
ppg,167633,153979,92,99
ppg,167649,153982,92,99
ppg,167666,153990,92,99
ppg,167646,153981,92,99
ppg,167646,153981,92,99
ppg,167629,153962,92,99
ppg,167602,153968,90,99
ppg,167583,153950,90,99
ppg,167583,153952,90,99
ppg,167587,153952,90,99
ppg,167605,153953,90,99
ppg,167629,153957,90,99
ppg,167670,153979,90,99
ppg,167714,153987,90,99
ppg,167162,153628,90,99
ppg,167141,153596,90,99
ppg,167140,153586,90,99
ppg,167143,153572,90,99
ppg,167151,153556,90,99
ppg,167183,153568,90,99
ppg,167226,153580,90,99
ppg,167288,153592,90,99
ppg,167337,153613,90,99
ppg,167400,153638,90,99
ppg,167451,153660,90,99
ppg,167507,153682,90,99
ppg,167571,153698,90,99
ppg,167627,153725,90,99
ppg,167662,153731,90,99
ppg,167722,153751,90,99
ppg,167787,153765,90,99
ppg,167836,153785,90,99
ppg,167901,153788,90,99
ppg,167901,153788,90,99
ppg,167956,153798,90,99
ppg,168021,153800,90,99
ppg,168087,153818,90,99
ppg,168087,153818,90,99
ppg,168166,153837,90,99
ppg,168230,153846,90,99
ppg,168284,153866,90,99
ppg,167847,153616,90,99
ppg,167907,153631,90,99
ppg,167946,153646,90,99
ppg,167991,153660,90,99
ppg,168035,153690,90,99
ppg,168562,153995,90,99
ppg,168116,153737,90,99
ppg,168141,153761,90,99
ppg,168166,153795,90,99
ppg,168188,153800,90,99
ppg,168224,153841,90,99
ppg,168245,153872,90,99
ppg,168285,153895,90,99
ppg,168323,153926,90,99
ppg,168349,153946,90,99
ppg,168359,153972,90,99
ppg,168378,153986,90,99
ppg,168382,153987,90,99
ppg,168396,154010,90,99
ppg,168364,153998,90,99
ppg,168279,153970,90,99
ppg,168089,153903,90,99
ppg,167787,153781,90,99
ppg,167423,153653,90,99
ppg,167054,153503,90,99
ppg,166687,153371,90,99
ppg,166687,153371,90,99
ppg,166399,153252,90,99
ppg,166154,153158,90,99
ppg,165994,153082,90,99
ppg,165892,153035,90,99
ppg,165857,153006,90,99
ppg,165884,152998,90,99
ppg,165930,153003,90,99
ppg,166734,153228,90,99
ppg,166404,153119,90,99
ppg,166152,153021,90,99
ppg,165971,152967,90,99
ppg,165868,152931,90,99
ppg,165833,152923,90,99
ppg,165855,152931,90,99
ppg,165910,152942,90,99
ppg,165982,152967,90,99
ppg,166061,153011,90,99
ppg,166142,153054,90,99
ppg,166217,153077,90,99
ppg,166265,153107,90,99
ppg,166349,153154,90,99
ppg,166417,153179,90,99
ppg,166512,153230,90,99
ppg,166632,153277,90,99
ppg,166753,153330,90,99
ppg,166868,153385,90,99
ppg,166972,153429,90,99
ppg,166972,153429,90,99
ppg,167046,153463,90,99
ppg,167097,153499,90,99
ppg,167097,153499,90,99
ppg,167097,153499,90,99
ppg,167109,153504,90,99
ppg,167099,153500,90,99
ppg,166426,153110,90,99
ppg,166544,153155,90,99
ppg,166648,153186,90,99
ppg,166727,153229,90,99
ppg,166766,153248,90,99
ppg,166795,153247,90,99
ppg,166775,153246,90,99
ppg,166771,153246,90,99
ppg,166744,153253,90,99
ppg,166716,153233,90,99
ppg,166700,153220,90,99
ppg,166671,153206,90,99
ppg,166669,153200,90,99
ppg,166687,153204,90,99
ppg,166710,153210,90,99
ppg,166749,153221,90,99
ppg,166797,153226,90,99
ppg,166848,153244,90,99
ppg,166901,153261,90,99
ppg,166953,153276,90,99
ppg,167007,153298,90,99
ppg,167058,153308,90,99
ppg,167090,153309,90,99
ppg,167136,153330,90,99
ppg,167188,153348,90,99
ppg,167229,153342,90,99
ppg,167274,153364,90,99
ppg,167324,153377,90,99
ppg,167354,153375,90,99
ppg,167403,153389,90,99
ppg,167446,153409,90,99
ppg,167493,153425,90,99
ppg,167528,153432,90,99
ppg,167582,153451,90,99
ppg,167111,153171,91,98
ppg,167111,153171,91,98
ppg,167163,153177,91,98
ppg,167198,153192,91,98
ppg,167238,153202,91,98
ppg,167270,153219,91,98
ppg,167300,153226,91,98
ppg,167332,153243,91,98
ppg,167361,153246,91,98
ppg,167388,153252,91,98
ppg,167417,153265,91,98
ppg,167438,153274,91,98
ppg,167464,153278,91,98
ppg,167469,153275,91,98
ppg,167422,153271,91,98
ppg,167289,153215,91,98
ppg,167050,153125,91,98
ppg,166718,153007,91,98
ppg,166350,152880,91,98
ppg,165990,152742,91,98
ppg,165665,152619,91,98
ppg,165417,152511,91,98
ppg,165244,152449,91,98
ppg,165130,152403,91,98
ppg,165099,152388,91,98
ppg,165115,152409,91,98
ppg,165174,152421,91,98
ppg,165235,152454,91,98
ppg,165107,152357,91,98
ppg,165107,152357,91,98
ppg,165033,152332,91,98
ppg,165019,152346,91,98
ppg,165058,152362,91,98
ppg,165120,152390,91,98
ppg,165219,152437,91,98
ppg,165316,152477,91,98
ppg,165393,152510,91,98
ppg,165456,152537,91,98
ppg,165514,152571,91,98
ppg,165578,152583,91,98
ppg,165660,152613,91,98
ppg,165745,152648,91,98
ppg,165876,152710,92,98
ppg,165990,152752,92,98
ppg,166087,152806,92,98
ppg,166188,152845,92,98
ppg,166248,152868,92,98
ppg,166269,152889,92,98
ppg,166284,152896,92,98
ppg,166270,152898,92,98
ppg,166240,152894,92,98
ppg,166219,152878,92,98
ppg,166184,152864,92,98
ppg,166173,152861,92,98
ppg,166193,152855,92,98
ppg,166206,152878,92,98
ppg,166235,153132,92,98
ppg,166209,153132,92,98
ppg,166199,153125,92,98
ppg,166186,153132,92,98
ppg,166195,153136,92,98
ppg,166178,153133,92,98
ppg,166178,153130,92,98
ppg,166178,153130,92,98
ppg,166163,153115,92,98
ppg,166177,153091,92,98
ppg,166204,153085,92,98
ppg,166276,153085,92,98
ppg,166347,153085,92,98
ppg,166444,153098,92,98
ppg,166540,153106,92,98
ppg,166623,153120,92,98
ppg,166724,153138,92,98
ppg,166820,153162,92,98
ppg,166896,153187,92,98
ppg,166962,153212,92,98
ppg,166993,153227,92,98
ppg,167031,153233,92,98
ppg,167044,153249,92,98
ppg,167069,153269,92,98
ppg,167101,153283,92,98
ppg,167111,153289,92,98
ppg,167113,153281,92,98
ppg,167117,153266,92,98
ppg,167149,153268,92,98
ppg,167166,153263,92,98
ppg,167178,153257,92,98
ppg,167155,153249,93,98
ppg,167067,153190,93,98
ppg,166744,153257,93,98
ppg,166764,153265,93,98
ppg,166764,153265,93,98
ppg,166797,153275,93,98
ppg,166806,153286,93,98
ppg,166791,153273,93,98
ppg,166712,153239,93,98
ppg,166526,153176,93,98
ppg,166249,153077,93,98
ppg,165905,152948,93,98
ppg,165559,152803,93,98
ppg,165234,152696,93,98
ppg,164961,152572,93,98
ppg,164749,152492,93,98
ppg,164602,152427,93,98
ppg,164533,152400,93,98
ppg,164522,152392,93,98
ppg,164545,152396,93,98
ppg,164598,152417,93,98
ppg,164673,152429,93,98
ppg,164740,152436,93,98
ppg,164801,152449,93,98
ppg,164854,152450,93,98
ppg,164909,152469,93,98
ppg,164961,152459,93,98
ppg,165055,152475,93,98
ppg,165157,152510,93,98
ppg,165279,152537,93,98
ppg,164924,152367,94,98
ppg,164998,152394,94,98
ppg,165051,152416,94,98
ppg,165100,152430,94,98
ppg,165187,152468,94,98
ppg,165283,152514,94,98
ppg,165400,152545,94,98
ppg,165501,152594,94,98
ppg,165501,152594,94,98
ppg,165587,152621,94,98
ppg,165659,152648,94,98
ppg,165700,152663,94,98
ppg,165701,152678,94,98
ppg,165699,152673,94,98
ppg,165679,152674,94,98
ppg,165648,152664,94,98
ppg,165628,152654,94,98
ppg,165613,152650,94,98
ppg,165623,152663,94,98
ppg,165635,152663,94,98
ppg,165675,152686,94,98
ppg,165724,152721,94,98
ppg,165781,152745,94,98
ppg,165836,152771,94,98
ppg,165896,152800,94,98
ppg,165968,152834,94,98
ppg,166026,152856,94,98
ppg,166059,152892,94,98
ppg,166113,152914,94,98
ppg,166159,152953,94,98
ppg,166176,152965,94,98
ppg,166191,152968,94,98
ppg,166220,152989,94,98
ppg,166227,152994,94,98
ppg,165917,152680,94,98
ppg,165967,152700,94,98
ppg,166021,152718,94,98
ppg,166021,152718,94,98
ppg,166082,152729,94,98
ppg,166141,152757,94,98
ppg,166176,152762,94,98
ppg,166176,152762,94,98
ppg,166223,152792,94,98
ppg,166272,152806,94,98
ppg,166320,152832,94,98
ppg,166348,152836,94,98
ppg,166363,152856,94,98
ppg,166405,152867,94,98
ppg,166437,152886,94,98
ppg,166468,152888,94,98
ppg,166494,152917,94,98
ppg,166515,152930,94,98
ppg,166552,152947,94,98
ppg,166594,152955,94,98
ppg,166608,152974,94,98
ppg,166634,152982,94,98
ppg,166655,152987,94,98
ppg,166672,152998,94,98
ppg,166659,153008,94,98
ppg,166624,153002,94,98
ppg,166522,152982,94,98
ppg,166308,152899,94,98
ppg,166577,152803,94,98
ppg,166619,152815,94,98
ppg,166658,152829,94,98
ppg,166694,152837,94,98
ppg,166728,152844,94,98
ppg,166758,152848,94,98
ppg,166748,152851,94,98
ppg,166638,152808,94,98
ppg,166430,152737,94,98
ppg,166430,152737,94,98
ppg,166079,152616,94,98
ppg,165662,152470,94,98
ppg,165238,152319,94,98
ppg,164870,152180,94,98
ppg,164557,152061,94,98
ppg,164330,151966,94,98
ppg,164201,151924,94,98
ppg,164132,151886,94,98
ppg,164135,151883,94,98
ppg,164192,151898,94,98
ppg,164272,151939,94,98
ppg,164347,151964,94,98
ppg,164423,151988,94,98
ppg,164492,152020,94,98
ppg,164541,152038,94,98
ppg,164605,152056,94,98
ppg,164650,152066,94,98
ppg,164736,152095,94,98
ppg,164184,151875,94,98
ppg,164231,151890,94,98
ppg,164325,151911,94,98
ppg,164417,151929,94,98
ppg,164538,151944,94,98
ppg,164635,151964,94,98
ppg,164741,151977,94,98
ppg,164925,152068,94,98
ppg,165006,152122,94,98
ppg,165069,152146,94,98
ppg,165188,152194,94,98
ppg,165330,152262,94,98
ppg,165454,152315,94,98
ppg,165558,152375,94,98
ppg,165625,152399,94,98
ppg,165625,152399,94,98
ppg,165659,152423,94,98
ppg,165664,152441,94,98
ppg,165657,152457,94,98
ppg,165613,152438,94,98
ppg,165579,152441,94,98
ppg,165543,152424,94,98
ppg,165523,152406,94,98
ppg,165539,152406,94,98
ppg,165570,152407,94,98
ppg,165628,152418,94,98
ppg,165704,152436,94,98
ppg,165792,152465,94,98
ppg,165883,152496,94,98
ppg,165972,152526,94,98
ppg,166067,152587,94,98
ppg,166126,152629,94,98
ppg,166185,152668,94,98
ppg,165964,153009,94,99
ppg,165979,153022,94,99
ppg,166014,153031,94,99
ppg,166040,153043,94,99
ppg,166084,153063,94,99
ppg,166135,153070,94,99
ppg,166175,153093,94,99
ppg,166223,153114,94,99
ppg,166267,153123,94,99
ppg,166322,153139,94,99
ppg,166363,153152,94,99
ppg,166363,153152,94,99
ppg,166412,153183,94,99
ppg,166442,153183,94,99
ppg,166488,153198,94,99
ppg,166514,153207,94,99
ppg,166566,153226,94,99
ppg,166595,153234,94,99
ppg,166638,153248,93,99
ppg,166677,153252,93,99
ppg,166717,153271,93,99
ppg,166771,153283,93,99
ppg,166797,153301,93,99
ppg,166836,153294,93,99
ppg,166863,153310,93,99
ppg,166896,153303,93,99
ppg,166935,153308,93,99
ppg,166956,153315,93,99
ppg,166141,152931,93,99
ppg,166174,152936,93,99
ppg,166198,152948,93,99
ppg,166245,152955,93,99
ppg,166261,152971,93,99
ppg,166293,152967,93,99
ppg,166314,152986,93,99
ppg,166336,152994,93,99
ppg,166361,152998,93,99
ppg,166365,152998,93,99
ppg,166375,152993,93,99
ppg,166348,152991,93,99
ppg,166271,152962,93,99
ppg,166123,152913,93,99
ppg,165875,152823,93,99
ppg,165544,152707,93,99
ppg,165183,152579,93,99
ppg,164820,152433,93,99
ppg,164484,152311,93,99
ppg,164484,152311,93,99
ppg,164234,152213,93,99
ppg,164050,152145,93,99
ppg,163937,152096,93,99
ppg,163886,152076,93,99
ppg,163894,152082,93,99
ppg,163938,152106,93,99
ppg,164004,152136,93,99
ppg,164062,152154,93,99
ppg,164820,152317,93,99
ppg,164182,152214,93,99
ppg,164212,152238,93,99
ppg,164259,152261,93,99
ppg,164278,152272,93,99
ppg,163622,151908,93,99
ppg,163582,151897,93,99
ppg,163616,151924,93,99
ppg,163681,151965,93,99
ppg,163743,151996,93,99
ppg,163793,152042,93,99
ppg,163841,152064,93,99
ppg,163864,152081,93,99
ppg,163890,152087,93,99
ppg,163899,152095,93,99
ppg,163934,152099,93,99
ppg,163984,152113,93,99
ppg,164057,152129,93,99
ppg,164163,152167,93,99
ppg,164266,152198,93,99
ppg,164363,152221,93,99
ppg,164453,152251,93,99
ppg,164515,152270,93,99
ppg,164575,152291,93,99
ppg,164590,152299,93,99
ppg,164590,152299,93,99
ppg,164594,152297,93,99
ppg,164588,152295,93,99
ppg,164590,152289,93,99
ppg,164591,152290,93,99
ppg,164579,152295,93,99
ppg,164591,152295,93,99
ppg,164612,152301,93,99
ppg,164717,152279,93,99
ppg,164788,152310,93,99
ppg,164827,152335,93,99
ppg,164837,152338,93,99
ppg,164822,152336,93,99
ppg,164804,152332,93,99
ppg,164779,152320,93,99
ppg,164756,152310,93,99
ppg,164727,152293,93,99
ppg,164729,152292,93,99
ppg,164753,152298,93,99
ppg,164769,152301,93,99
ppg,164802,152318,93,99
ppg,164857,152338,93,99
ppg,164905,152350,93,99
ppg,164956,152371,93,99
ppg,165005,152394,93,99
ppg,165046,152411,93,99
ppg,165091,152427,93,99
ppg,165135,152445,93,99
ppg,165135,152445,93,99
ppg,165174,152455,93,99
ppg,165210,152472,93,99
ppg,165210,152472,93,99
ppg,165210,152472,93,99
ppg,165219,152486,93,99
ppg,165242,152508,93,99
ppg,165239,152518,93,99
ppg,164695,152281,93,99
ppg,164758,152276,93,99
ppg,164820,152277,93,99
ppg,164895,152293,93,99
ppg,164939,152287,93,99
ppg,164999,152299,93,99
ppg,165044,152302,93,99
ppg,165090,152320,93,99
ppg,165124,152325,93,99
ppg,165159,152337,93,99
ppg,165201,152348,93,99
ppg,165226,152361,93,99
ppg,165259,152374,93,99
ppg,165285,152374,93,99
ppg,165334,152400,93,99
ppg,165371,152408,93,99
ppg,165389,152417,93,99
ppg,165422,152429,93,99
ppg,165454,152430,93,99
ppg,165487,152442,93,99
ppg,165519,152448,93,99
ppg,165552,152467,93,99
ppg,165580,152475,93,99
ppg,165608,152465,93,99
ppg,165629,152487,93,99
ppg,165655,152488,93,99
ppg,165655,152488,93,99
ppg,165691,152500,93,99
ppg,165721,152501,93,99
ppg,165748,152499,93,99
ppg,165756,152513,93,99
ppg,165689,152485,93,99
ppg,165522,152437,93,99
ppg,164471,152078,0,99
ppg,164628,152130,0,99
ppg,164737,152167,0,99
ppg,164844,152217,0,99
ppg,164921,152259,0,99
ppg,164950,152281,0,99
ppg,164930,152299,0,99
ppg,164843,152279,0,99
ppg,164639,152201,0,99
ppg,164316,152082,0,99
ppg,163920,151939,0,99
ppg,163508,151760,0,99
ppg,163110,151582,0,99
ppg,162745,151421,0,99
ppg,162470,151283,0,99
ppg,162281,151181,0,99
ppg,162197,151128,0,99
ppg,162187,151101,0,99
ppg,162279,151131,0,99
ppg,162401,151181,0,99
ppg,162513,151229,0,99
ppg,162625,151300,0,99
ppg,162625,151300,0,99
ppg,162699,151352,0,99
ppg,162699,151352,0,99
ppg,162699,151352,0,99
ppg,162699,151352,0,99
ppg,162744,151402,0,99
ppg,162722,151437,0,99
ppg,162703,151221,0,99
ppg,162622,151160,0,99
ppg,162620,151154,0,99
ppg,162707,151152,0,99
ppg,162839,151194,0,99
ppg,163019,151266,0,99
ppg,163220,151331,0,99
ppg,163424,151404,0,99
ppg,163617,151475,0,99
ppg,163792,151553,0,99
ppg,163947,151612,0,99
ppg,164095,151675,0,99
ppg,164236,151750,0,99
ppg,164354,151800,0,99
ppg,164504,151857,0,99
ppg,164654,151926,0,99
ppg,164792,152006,0,99
ppg,164918,152063,0,99
ppg,165023,152114,0,99
ppg,165111,152148,0,99
ppg,165143,152159,0,99
ppg,165156,152146,0,99
ppg,165164,152133,0,99
ppg,165172,152123,0,99
ppg,165182,152130,0,99
ppg,165222,152114,0,99
ppg,165237,152114,0,99
ppg,165237,152114,0,99
ppg,165276,152122,0,99
ppg,165590,152752,0,99
ppg,165628,152770,0,99
ppg,165642,152785,0,99
ppg,165633,152782,0,99
ppg,165680,152267,0,99
ppg,165766,152310,0,99
ppg,165582,152761,0,99
ppg,165582,152760,0,99
ppg,165569,152751,0,99
ppg,165604,152755,0,99
ppg,165617,152750,0,99
ppg,165645,152765,0,99
ppg,165683,152781,0,99
ppg,165734,152780,0,99
ppg,165775,152790,0,99
ppg,165832,152811,0,99
ppg,165876,152816,0,99
ppg,165909,152825,0,99
ppg,165950,152833,0,99
ppg,165991,152845,0,99
ppg,166029,152860,0,99
ppg,166079,152863,0,99
ppg,166108,152873,0,99
ppg,166147,152878,0,99
ppg,166187,152882,0,99
ppg,166224,152891,0,99
ppg,166265,152899,0,99
ppg,166265,152899,0,99
ppg,166306,152917,0,99
ppg,166340,152932,0,99
ppg,166387,152959,0,99
ppg,166425,152968,0,99
ppg,166425,152968,0,99
ppg,166461,152972,0,99
ppg,166034,152891,0,99
ppg,166149,152935,0,99
ppg,166257,152970,0,99
ppg,166362,152998,0,99
ppg,166481,153033,0,99
ppg,166597,153063,0,99
ppg,166714,153093,0,99
ppg,166829,153131,0,99
ppg,166932,153157,0,99
ppg,167022,153176,0,99
ppg,167075,153192,0,99
ppg,167129,153213,0,99
ppg,167143,153223,0,99
ppg,167099,153204,0,99
ppg,166935,153153,0,99
ppg,166651,153047,0,99
ppg,166264,152908,0,99
ppg,165871,152765,0,99
ppg,165486,152624,0,99
ppg,165156,152504,0,99
ppg,164906,152402,0,99
ppg,164733,152332,0,99
ppg,164663,152309,0,99
ppg,164662,152315,0,99
ppg,164730,152337,0,99
ppg,164832,152382,0,99
ppg,164941,152423,0,99
ppg,165067,152486,0,99
ppg,165181,152547,0,99
ppg,165181,152547,0,99
ppg,165406,152941,0,99
ppg,165399,152940,0,99
ppg,165444,152946,0,99
ppg,165510,152965,0,99
ppg,165582,152990,0,99
ppg,165649,153014,0,99
ppg,165696,153033,0,99
ppg,165744,153032,0,99
ppg,165784,153050,0,99
ppg,165848,153058,0,99
ppg,165920,153080,0,99
ppg,166005,153103,0,99
ppg,166074,153130,0,99
ppg,166156,153164,0,99
ppg,166218,153174,0,99
ppg,166260,153184,0,99
ppg,166263,153171,0,99
ppg,166267,153149,0,99
ppg,166262,153145,0,99
ppg,166242,153111,0,99
ppg,166218,153088,0,99
ppg,166204,153064,0,99
ppg,166196,153040,0,99
ppg,166227,153034,0,99
ppg,166239,153041,0,99
ppg,166276,153041,0,99
ppg,166310,153047,0,99
ppg,166333,153066,0,99
ppg,166333,153066,0,99
ppg,166369,153066,0,99
ppg,166369,153066,0,99
ppg,166369,153066,0,99
ppg,166369,153066,0,99
ppg,166369,153066,0,99
ppg,165823,152779,0,99
ppg,165820,152773,0,99
ppg,165844,152778,0,99
ppg,165865,152769,0,99
ppg,165885,152773,0,99
ppg,165919,152778,0,99
ppg,165951,152794,0,99
ppg,165978,152793,0,99
ppg,166003,152805,0,99
ppg,166039,152800,0,99
ppg,166069,152803,0,99
ppg,166102,152809,0,99
ppg,166123,152818,0,99
ppg,166162,152817,0,99
ppg,166186,152829,0,99
ppg,166219,152845,0,99
ppg,166234,152851,0,99
ppg,166253,152852,0,99
ppg,166267,152864,0,99
ppg,166282,152863,0,99
ppg,166310,152860,0,99
ppg,166340,152868,0,99
ppg,166372,152879,0,99
ppg,166392,152874,0,99
ppg,166424,152882,0,99
ppg,166464,152895,0,99
ppg,166474,152884,0,99
ppg,166481,152891,0,99
ppg,166453,152883,0,99
ppg,166344,152849,0,99
ppg,166657,152912,0,0
ppg,166692,152921,0,0
ppg,166714,152921,0,0
ppg,166726,152921,0,0
ppg,166732,152925,0,0
ppg,166731,152921,0,0
ppg,166699,152894,0,0
ppg,166591,152858,0,0
ppg,166403,152789,0,0
ppg,166159,152715,0,0
ppg,165860,152597,0,0
ppg,165586,152487,0,0
ppg,165334,152393,0,0
ppg,165135,152314,0,0
ppg,164995,152243,0,0
ppg,164918,152219,0,0
ppg,164879,152205,0,0
ppg,164896,152199,0,0
ppg,164933,152204,0,0
ppg,164986,152206,0,0
ppg,165046,152239,0,0
ppg,165103,152261,0,0
ppg,165153,152267,0,0
ppg,165193,152283,0,0
ppg,165233,152310,0,0
ppg,165285,152312,0,0
ppg,165358,152345,0,0
ppg,165458,152371,0,0
ppg,165554,152406,0,0
ppg,165643,152446,0,0
ppg,165732,152470,0,0
ppg,165796,152486,0,0
ppg,165845,152507,0,0
ppg,165858,152521,0,0
ppg,165860,152522,0,0
ppg,165844,152520,0,0
ppg,165827,152515,87,0
ppg,165771,152463,0,0
ppg,165845,152491,0,0
ppg,165900,152524,0,0
ppg,165918,152547,0,0
ppg,165918,152547,0,0
ppg,165931,152558,0,0
ppg,165920,152546,0,0
ppg,165920,152546,0,0
ppg,165903,152555,0,0
ppg,165894,152561,0,0
ppg,165877,152551,0,0
ppg,165881,152548,0,0
ppg,165881,152558,0,0
ppg,165894,152557,0,0
ppg,165937,152566,0,0
ppg,165983,152573,0,0
ppg,166019,152579,0,0
ppg,166067,152583,0,0
ppg,166121,152604,0,0
ppg,166168,152613,0,0
ppg,166216,152618,0,0
ppg,166259,152627,0,0
ppg,166307,152642,0,0
ppg,166335,152652,0,0
ppg,166379,152654,0,0
ppg,166433,152672,0,0
ppg,166454,152681,0,0
ppg,166484,152688,0,0
ppg,166540,152699,0,0
ppg,166585,152703,0,0
ppg,166212,152583,93,0
ppg,166260,152607,93,0
ppg,166286,152634,93,0
ppg,166331,152657,93,0
ppg,166368,152668,93,0
ppg,166382,152680,93,0
ppg,166400,152690,93,0
ppg,166429,152696,93,0
ppg,166453,152706,93,0
ppg,166453,152706,93,0
ppg,166485,152716,93,0
ppg,166507,152721,93,0
ppg,166550,152728,93,0
ppg,166579,152726,93,0
ppg,166598,152732,93,0
ppg,166626,152737,93,0
ppg,166634,152728,93,0
ppg,166667,152726,93,0
ppg,166683,152736,93,0
ppg,166701,152742,93,0
ppg,166717,152728,93,0
ppg,166697,152724,93,0
ppg,166631,152699,93,0
ppg,166482,152641,93,0
ppg,166272,152577,93,0
ppg,165996,152477,93,0
ppg,165701,152362,93,0
ppg,165440,152262,93,0
ppg,165216,152181,93,0
ppg,165033,152113,93,0
ppg,164920,152064,93,0
ppg,164864,152052,93,0
ppg,164866,152058,93,0
ppg,164894,152062,93,0
ppg,164942,152089,93,0
ppg,165645,152295,93,0
ppg,165433,152207,93,0
ppg,165274,152138,93,0
ppg,165185,152103,93,0
ppg,165152,152079,93,0
ppg,165181,152092,93,0
ppg,165233,152115,93,0
ppg,165301,152153,93,0
ppg,165373,152182,93,0
ppg,165442,152215,93,0
ppg,165506,152242,93,0
ppg,165542,152266,93,0
ppg,165594,152296,93,0
ppg,165657,152320,93,0
ppg,165735,152348,93,0
ppg,165833,152405,93,0
ppg,165936,152444,93,0
ppg,166040,152488,93,0
ppg,166127,152528,93,0
ppg,166202,152558,93,0
ppg,166248,152584,93,0
ppg,166270,152607,93,0
ppg,166268,152616,93,0
ppg,166263,152618,93,0
ppg,166251,152636,93,0
ppg,166224,152612,93,0
ppg,166224,152626,93,0
ppg,166231,152636,93,0
ppg,166229,152655,93,0
ppg,166248,152666,93,0
ppg,166273,152664,93,0
ppg,166442,153190,93,99
ppg,166402,153174,93,99
ppg,166361,153145,93,99
ppg,166333,153144,93,99
ppg,166319,153136,93,99
ppg,166305,153124,93,99
ppg,166309,153126,93,99
ppg,166321,153133,93,99
ppg,166325,153133,93,99
ppg,166354,153133,93,99
ppg,166386,153130,93,99
ppg,166422,153155,93,99
ppg,166462,153172,93,99
ppg,166507,153191,93,99
ppg,166542,153195,93,99
ppg,166575,153203,93,99
ppg,166634,153209,93,99
ppg,166667,153227,93,99
ppg,166704,153221,93,99
ppg,166736,153230,93,99
ppg,166776,153230,93,99
ppg,166806,153231,93,99
ppg,166846,153231,93,99
ppg,166883,153248,93,99
ppg,166937,153252,93,99
ppg,166979,153268,93,99
ppg,167042,153295,93,99
ppg,167065,153289,93,99
ppg,167103,153301,93,99
ppg,167135,153311,93,99
ppg,167175,153318,93,99
ppg,167196,153331,93,99
ppg,166726,152867,95,99
ppg,166757,152893,95,99
ppg,166757,152893,95,99
ppg,166796,152899,95,99
ppg,166830,152913,95,99
ppg,166841,152925,95,99
ppg,166839,152933,95,99
ppg,166829,152919,95,99
ppg,166793,152900,95,99
ppg,166708,152861,95,99
ppg,166546,152792,95,99
ppg,166318,152708,95,99
ppg,166019,152603,95,99
ppg,165727,152485,95,99
ppg,165452,152383,95,99
ppg,165211,152282,95,99
ppg,165024,152223,95,99
ppg,164882,152170,95,99
ppg,164799,152141,95,99
ppg,164767,152120,95,99
ppg,164775,152110,95,99
ppg,164790,152120,95,99
ppg,164834,152142,95,99
ppg,164863,152139,95,99
ppg,164904,152150,95,99
ppg,164935,152151,95,99
ppg,164961,152159,95,99
ppg,164988,152162,95,99
ppg,164291,151411,96,99
ppg,164331,151425,96,99
ppg,164331,151425,96,99
ppg,164354,151427,96,99
ppg,164390,151450,96,99
ppg,164390,151450,96,99
ppg,164390,151450,96,99
ppg,164408,151454,96,99
ppg,164437,151469,96,99
ppg,164471,151488,96,99
ppg,164530,151513,96,99
ppg,164618,151542,96,99
ppg,164725,151584,96,99
ppg,164812,151620,96,99
ppg,164915,151665,96,98
ppg,164991,151698,96,98
ppg,165031,151720,96,98
ppg,165034,151725,96,98
ppg,165025,151721,96,98
ppg,165006,151723,96,98
ppg,164993,151723,96,98
ppg,164959,151723,96,98
ppg,164950,151712,96,98
ppg,164949,151713,96,98
ppg,164960,151724,96,98
ppg,164981,151736,96,98
ppg,165017,151747,96,98
ppg,165055,151769,96,98
ppg,165303,152152,96,98
ppg,165328,152183,96,98
ppg,165355,152200,96,98
ppg,165391,152251,96,98
ppg,165463,152307,96,98
ppg,165532,152363,96,98
ppg,165610,152432,96,98
ppg,165669,152489,96,98
ppg,165669,152489,96,98
ppg,165723,152529,96,98
ppg,165766,152562,96,98
ppg,165792,152575,96,98
ppg,165813,152589,96,98
ppg,165829,152573,96,98
ppg,165830,152568,96,98
ppg,165860,152559,96,98
ppg,165890,152559,96,98
ppg,165918,152548,96,98
ppg,165963,152555,96,98
ppg,165998,152553,96,98
ppg,166045,152559,96,98
ppg,166090,152568,96,98
ppg,166132,152577,96,98
ppg,166180,152586,96,98
ppg,166233,152609,96,98
ppg,166269,152620,96,98
ppg,166310,152629,96,98
ppg,166334,152619,96,98
ppg,166358,152617,96,98
ppg,166369,152604,96,98
ppg,166395,152613,96,98
ppg,166375,152593,96,98
ppg,166330,152558,96,98
ppg,165689,152298,96,98
ppg,165690,152309,96,98
ppg,165695,152325,96,98
ppg,165677,152321,96,98
ppg,165648,152321,96,98
ppg,165585,152315,96,98
ppg,165422,152273,96,98
ppg,165189,152222,96,98
ppg,164884,152120,96,98
ppg,164884,152120,96,98
ppg,164584,152028,96,98
ppg,164276,151925,96,98
ppg,164013,151834,96,98
ppg,163816,151767,96,98
ppg,163655,151725,96,98
ppg,163579,151705,96,98
ppg,163538,151698,96,98
ppg,163544,151705,96,98
ppg,163575,151725,96,98
ppg,163642,151762,96,98
ppg,163702,151814,96,98
ppg,163752,151859,96,98
ppg,163795,151887,96,98
ppg,163845,151905,96,98
ppg,163882,151937,96,98
ppg,163950,151995,96,98
ppg,164044,152040,96,98
ppg,164137,152082,96,98
ppg,163476,152077,96,98
ppg,163520,152098,96,98
ppg,163582,152124,96,98
ppg,163650,152144,96,98
ppg,163752,152195,96,98
ppg,163863,152219,96,98
ppg,163970,152272,96,98
ppg,164064,152291,96,98
ppg,164136,152326,96,98
ppg,164196,152334,96,98
ppg,164196,152334,96,98
ppg,164227,152354,96,98
ppg,164229,152355,96,98
ppg,164215,152339,96,98
ppg,164203,152339,96,98
ppg,164186,152335,96,98
ppg,164183,152326,96,98
ppg,164187,152323,96,98
ppg,164189,152329,96,98
ppg,164206,152325,96,98
ppg,164253,152336,96,98
ppg,164287,152341,96,98
ppg,164325,152343,96,98
ppg,164365,152358,96,98
ppg,164411,152352,96,98
ppg,164462,152361,96,98
ppg,164510,152371,96,98
ppg,164571,152388,96,98
ppg,163983,151815,96,98
ppg,164032,151831,96,98
ppg,164710,152404,96,98
ppg,164757,152408,96,98
ppg,164808,152415,96,98
ppg,164862,152414,96,98
ppg,164254,151884,96,98
ppg,164297,151892,96,98
ppg,164331,151879,96,98
ppg,164380,151893,96,98
ppg,164416,151896,96,98
ppg,164461,151896,96,98
ppg,164505,151903,96,98
ppg,164548,151901,96,98
ppg,164592,151918,96,98
ppg,164638,151918,96,98
ppg,164638,151918,96,98
ppg,164687,151935,96,98
ppg,164728,151942,96,98
ppg,164782,151961,96,98
ppg,164830,151970,96,98
ppg,164867,151979,96,98
ppg,164898,151984,96,98
ppg,164912,151980,96,98
ppg,164940,151974,96,98
ppg,164961,151981,96,98
ppg,164970,151978,96,98
ppg,164961,151963,96,98
ppg,164880,151942,96,98
ppg,164693,151871,96,98
ppg,164408,151772,96,98
ppg,164046,151626,96,98
ppg,163676,151493,96,98
ppg,163318,151354,96,98
ppg,164332,151555,96,98
ppg,164333,151573,96,98
ppg,164343,151568,96,98
ppg,164334,151572,96,98
ppg,164238,151543,96,98
ppg,164071,151495,96,98
ppg,163798,151390,96,98
ppg,163453,151267,96,98
ppg,163065,151115,96,98
ppg,162702,150982,96,98
ppg,162378,150847,96,98
ppg,162145,150742,96,98
ppg,161982,150665,96,98
ppg,161905,150633,96,98
ppg,161889,150621,96,98
ppg,161933,150623,96,98
ppg,161990,150630,96,98
ppg,162071,150640,96,98
ppg,162146,150658,96,98
ppg,162146,150658,96,98
ppg,162229,150669,96,98
ppg,162294,150682,96,98
ppg,162354,150704,96,98
ppg,162414,150707,96,98
ppg,162486,150726,96,98
ppg,162577,150769,96,98
ppg,162700,150820,96,98
ppg,162843,150883,96,98
ppg,162784,151220,96,98
ppg,162851,151267,96,98
ppg,162927,151312,96,98
ppg,162998,151351,96,98
ppg,163053,151377,96,98
ppg,163110,151408,96,98
ppg,163183,151441,96,98
ppg,163262,151471,96,98
ppg,163374,151517,96,98
ppg,163488,151567,96,98
ppg,163603,151616,96,98
ppg,163708,151647,96,98
ppg,163806,151673,96,98
ppg,163890,151711,96,98
ppg,163925,151738,96,98
ppg,163970,151751,96,98
ppg,163983,151767,96,98
ppg,164005,151780,96,98
ppg,164015,151780,96,98
ppg,164015,151780,96,98
ppg,164015,151780,96,98
ppg,164015,151780,96,98
ppg,164015,151780,96,98
ppg,164015,151780,96,98
ppg,164045,151813,96,98
ppg,164060,151819,96,98
ppg,164097,151840,96,98
ppg,165335,152721,96,98
ppg,165374,152726,96,98
ppg,164235,151909,96,98
ppg,164295,151951,96,98
ppg,164361,151985,96,98
ppg,165372,152730,96,98
ppg,165334,152703,96,98
ppg,165305,152694,96,98
ppg,165294,152693,96,98
ppg,165265,152673,96,98
ppg,165260,152670,96,98
ppg,165258,152664,96,98
ppg,165280,152666,96,98
ppg,165286,152668,96,98
ppg,165331,152674,96,98
ppg,165378,152676,96,98
ppg,165425,152695,96,98
ppg,165464,152712,96,98
ppg,165512,152732,96,98
ppg,165555,152745,96,98
ppg,165592,152758,96,98
ppg,165622,152753,96,98
ppg,165654,152772,96,98
ppg,165683,152773,96,98
ppg,165722,152776,96,98
ppg,165748,152774,96,98
ppg,165773,152769,96,98
ppg,165786,152774,96,98
ppg,165814,152761,96,98
ppg,165830,152764,96,98
ppg,165850,152760,96,98
ppg,165879,152770,96,98
ppg,165912,152777,96,98
ppg,165912,152777,96,98
ppg,165556,152393,95,98
ppg,165595,152404,95,98
ppg,165637,152410,95,98
ppg,165667,152418,95,98
ppg,165707,152425,95,98
ppg,165742,152441,95,98
ppg,165772,152437,95,98
ppg,165810,152450,95,98
ppg,165847,152465,95,98
ppg,165884,152467,95,98
ppg,165925,152491,95,98
ppg,165963,152491,95,98
ppg,165981,152498,95,98
ppg,165991,152477,95,98
ppg,165990,152482,95,98
ppg,165979,152463,95,98
ppg,165922,152434,95,98
ppg,165754,152366,95,98
ppg,165490,152273,95,98
ppg,165138,152133,95,98
ppg,164765,151992,95,98
ppg,164414,151873,95,98
ppg,164111,151745,95,98
ppg,163858,151650,95,98
ppg,163688,151573,95,98
ppg,163597,151533,95,98
ppg,163558,151512,95,98
ppg,163558,151512,95,98
ppg,165193,151936,95,98
ppg,164789,151784,95,98
ppg,164405,151633,95,98
ppg,164034,151506,95,98
ppg,163739,151392,95,98
ppg,163520,151298,94,98
ppg,163354,151229,94,98
ppg,163302,151202,94,98
ppg,163300,151207,94,98
ppg,163345,151212,94,98
ppg,163427,151233,94,98
ppg,163523,151274,94,98
ppg,163620,151310,94,98
ppg,163716,151344,94,98
ppg,163787,151371,94,98
ppg,163841,151391,94,98
ppg,163916,151415,94,98
ppg,163993,151449,94,98
ppg,164105,151466,94,98
ppg,164217,151502,94,98
ppg,164349,151560,94,98
ppg,164473,151601,94,98
ppg,164559,151639,94,98
ppg,164609,151664,94,98
ppg,164642,151681,94,98
ppg,164628,151688,94,98
ppg,164599,151667,94,98
ppg,164556,151650,94,98
ppg,164512,151632,94,98
ppg,164493,151633,94,98
ppg,164475,151631,94,98
ppg,164478,151631,94,98
ppg,164498,151645,94,98
ppg,163743,151057,94,98
ppg,163733,151058,94,98
ppg,163763,151074,94,98
ppg,163763,151074,94,98
ppg,163823,151132,94,98
ppg,163837,151163,94,98
ppg,163851,151201,94,98
ppg,163893,151219,94,98
ppg,163950,151277,94,98
ppg,163964,151298,94,98
ppg,164026,151332,94,98
ppg,164098,151384,94,98
ppg,164166,151423,94,98
ppg,164213,151471,94,98
ppg,164268,151507,94,98
ppg,164314,151538,94,98
ppg,164356,151570,94,98
ppg,164405,151610,93,98
ppg,164432,151639,93,98
ppg,164473,151670,93,98
ppg,164509,151714,93,98
ppg,164566,151742,93,98
ppg,164618,151781,93,98
ppg,164674,151818,93,98
ppg,164717,151847,93,98
ppg,164769,151883,93,98
ppg,164814,151891,93,98
ppg,164875,151944,93,98
ppg,166371,152688,93,98
ppg,166385,152702,93,98
ppg,166394,152713,93,98
ppg,166425,152707,93,98
ppg,166452,152726,93,98
ppg,166460,152722,93,98
ppg,166480,152720,93,98
ppg,166500,152728,93,98
ppg,166548,152739,93,98
ppg,166548,152739,93,98
ppg,166602,152750,93,98
ppg,166646,152767,93,98
ppg,166683,152772,93,98
ppg,166713,152779,93,98
ppg,166717,152772,93,98
ppg,166729,152763,93,98
ppg,166731,152746,93,98
ppg,166719,152727,93,98
ppg,166617,152690,93,98
ppg,166435,152631,93,98
ppg,166145,152519,93,98
ppg,165795,152395,93,98
ppg,165428,152254,93,98
ppg,165064,152124,93,98
ppg,164713,151998,93,98
ppg,164412,151864,93,98
ppg,164177,151759,93,98
ppg,164030,151690,93,98
ppg,163957,151654,93,98
ppg,163922,151632,93,98
ppg,163918,151631,93,98
ppg,163938,151626,93,98
ppg,163961,151634,93,98
ppg,160889,149477,93,98
ppg,160882,149460,93,98
ppg,160913,149474,93,98
ppg,160969,149498,93,98
ppg,160969,149498,93,98
ppg,160969,149498,93,98
ppg,160969,149498,93,98
ppg,160969,149498,93,98
ppg,161027,149525,93,98
ppg,161082,149551,93,98
ppg,161127,149582,93,98
ppg,161162,149601,93,98
ppg,161211,149627,93,98
ppg,161275,149662,93,98
ppg,161361,149709,93,98
ppg,161472,149768,93,98
ppg,161564,149819,93,98
ppg,161638,149855,93,98
ppg,161673,149880,93,98
ppg,161663,149886,93,98
ppg,161636,149860,93,98
ppg,161601,149843,93,98
ppg,161567,149829,93,98
ppg,161552,149826,93,98
ppg,161524,149816,93,98
ppg,161492,149814,93,98
ppg,161496,149800,93,98
ppg,161505,149805,93,98
ppg,162143,150072,93,97
ppg,162118,150072,93,97
ppg,162067,150050,93,97
ppg,162036,150046,93,97
ppg,162012,150038,93,97
ppg,162008,150030,93,97
ppg,162019,150032,93,97
ppg,162063,150051,93,97
ppg,162115,150064,93,97
ppg,162164,150080,93,97
ppg,162235,150111,93,97
ppg,162235,150111,93,97
ppg,162295,150141,93,97
ppg,162371,150168,93,97
ppg,162433,150185,93,97
ppg,162482,150204,93,97
ppg,162536,150212,93,97
ppg,162603,150234,93,97
ppg,162661,150255,93,97
ppg,162721,150275,93,97
ppg,162795,150299,93,97
ppg,162830,150303,93,97
ppg,162892,150332,93,97
ppg,162954,150357,93,97
ppg,163028,150378,93,97
ppg,163096,150406,93,97
ppg,163170,150445,93,97
ppg,163210,150479,93,97
ppg,162975,150567,94,97
ppg,163010,150578,94,97
ppg,163037,150561,94,97
ppg,163079,150559,94,97
ppg,163127,150534,94,97
ppg,163233,150552,94,97
ppg,163318,150582,94,97
ppg,163401,150624,94,97
ppg,163418,150651,94,97
ppg,163427,150629,94,97
ppg,163444,150634,94,97
ppg,163470,150658,94,97
ppg,163506,150682,94,97
ppg,163518,150701,94,97
ppg,163492,150727,94,97
ppg,163361,150698,94,97
ppg,163361,150698,94,97
ppg,163107,150630,94,97
ppg,162788,150544,94,97
ppg,162463,150440,94,97
ppg,162176,150375,94,97
ppg,161946,150301,94,97
ppg,161759,150257,94,97
ppg,161647,150232,94,97
ppg,161599,150234,94,97
ppg,161597,150249,94,97
ppg,161633,150274,94,97
ppg,161704,150294,94,97
ppg,161789,150326,94,97
ppg,161885,150361,94,97
ppg,161966,150394,94,97
ppg,162027,150395,94,97
ppg,162118,150423,94,97
ppg,161014,149906,94,97
ppg,161062,149921,94,97
ppg,161122,149933,94,97
ppg,161158,149916,94,97
ppg,161180,149912,94,97
ppg,161207,149903,94,97
ppg,161248,149903,94,97
ppg,161310,149927,94,97
ppg,161379,149946,94,97
ppg,161483,149985,94,97
ppg,161578,150024,94,97
ppg,161664,150054,94,97
ppg,161664,150054,94,97
ppg,161707,150097,94,97
ppg,161713,150108,94,97
ppg,161712,150104,94,97
ppg,161712,150104,94,97
ppg,161678,150106,94,97
ppg,161633,150092,94,97
ppg,161562,150081,94,97
ppg,161538,150066,94,97
ppg,161482,150056,94,97
ppg,161449,150044,94,97
ppg,161408,150007,94,97
ppg,161377,149984,94,97
ppg,161383,149969,94,97
ppg,161413,149948,94,97
ppg,161468,149944,94,97
ppg,161585,149954,94,97
ppg,161561,149945,94,97
ppg,161575,149956,94,97
ppg,161599,149970,94,97
ppg,161628,149986,94,97
ppg,161670,149995,94,97
ppg,161720,150013,94,97
ppg,161786,150033,94,97
ppg,161853,150048,94,97
ppg,161903,150076,94,97
ppg,161966,150077,94,97
ppg,162023,150089,94,97
ppg,162088,150099,95,97
ppg,162146,150114,95,97
ppg,162202,150127,95,97
ppg,162283,150150,95,97
ppg,162365,150173,95,97
ppg,162365,150173,95,97
ppg,162422,150184,95,97
ppg,162482,150204,95,97
ppg,162598,150285,95,97
ppg,162624,150305,95,97
ppg,162625,150301,95,97
ppg,162643,150311,95,97
ppg,162668,150336,95,97
ppg,162699,150343,95,97
ppg,162738,150370,95,97
ppg,162760,150378,95,97
ppg,162157,150218,95,97
ppg,162233,150235,95,97
ppg,162315,150262,95,97
ppg,162398,150270,95,97
ppg,162744,150402,95,97
ppg,162519,150287,95,97
ppg,162573,150295,95,97
ppg,162619,150295,95,97
ppg,162657,150303,95,97
ppg,162673,150301,95,97
ppg,162697,150275,95,97
ppg,162709,150270,95,97
ppg,162727,150269,95,97
ppg,162655,150267,95,97
ppg,162398,150168,95,97
ppg,162053,150031,95,97
ppg,161686,149902,95,97
ppg,161317,149748,95,97
ppg,161317,149748,95,97
ppg,160978,149622,95,97
ppg,160699,149515,95,97
ppg,160506,149422,95,97
ppg,160398,149395,95,97
ppg,160360,149377,95,97
ppg,160366,149381,95,97
ppg,160407,149388,95,97
ppg,160473,149413,95,97
ppg,160541,149438,95,97
ppg,160619,149474,95,97
ppg,160684,149502,95,97
ppg,160749,149521,95,97
ppg,160771,149525,95,97
ppg,160825,149553,95,97
ppg,160474,149804,95,98
ppg,160523,149839,95,98
ppg,160590,149869,95,98
ppg,160636,149887,95,98
ppg,160686,149910,95,98
ppg,160772,149932,95,98
ppg,160879,149979,95,98
ppg,160963,150007,95,98
ppg,161061,150027,95,98
ppg,161159,150070,95,98
ppg,161235,150096,95,97
ppg,161276,150122,95,97
ppg,161285,150120,95,97
ppg,161266,150115,95,97
ppg,161257,150115,95,97
ppg,161226,150105,95,97
ppg,161200,150105,95,97
ppg,161187,150097,95,97
ppg,161173,150082,95,97
ppg,161161,150088,95,97
ppg,161161,150088,95,97
ppg,161179,150093,95,97
ppg,161204,150101,95,97
ppg,161226,150107,95,97
ppg,161256,150112,95,97
ppg,161303,150111,95,97
ppg,161347,150124,95,97
ppg,161384,150136,95,97
ppg,160764,149787,95,98
ppg,160796,149796,95,98
ppg,160838,149824,95,98
ppg,160899,149842,95,98
ppg,160949,149857,95,98
ppg,160995,149874,95,98
ppg,161048,149878,95,98
ppg,161086,149910,95,98
ppg,161133,149921,95,98
ppg,161171,149929,95,98
ppg,161216,149946,95,98
ppg,161261,149955,95,98
ppg,161310,149962,95,98
ppg,161360,149987,95,98
ppg,161417,150003,95,98
ppg,161485,150013,95,98
ppg,161526,150038,95,98
ppg,161579,150051,95,98
ppg,161630,150064,95,98
ppg,161665,150072,95,98
ppg,161726,150097,95,98
ppg,161761,150111,95,98
ppg,161811,150113,95,98
ppg,161855,150129,95,98
ppg,161880,150135,95,98
ppg,161880,150135,95,98
ppg,161917,150160,95,98
ppg,161938,150156,95,98
ppg,161962,150170,95,98
ppg,161951,150165,95,98
ppg,161895,150137,95,98
ppg,161744,150084,95,98
ppg,161482,149979,95,98
ppg,161166,149856,95,98
ppg,161917,150092,95,98
ppg,161956,150100,95,98
ppg,162005,150119,95,98
ppg,162056,150138,95,98
ppg,162086,150152,95,98
ppg,162121,150164,95,98
ppg,162130,150170,95,98
ppg,162128,150168,95,98
ppg,162062,150149,95,98
ppg,161884,150087,95,98
ppg,161597,149989,95,98
ppg,161236,149851,95,98
ppg,160855,149702,95,98
ppg,160498,149572,95,98
ppg,160184,149450,95,98
ppg,159946,149360,95,98
ppg,159800,149311,95,98
ppg,159722,149283,95,98
ppg,159711,149287,95,98
ppg,159741,149299,95,98
ppg,159741,149299,95,98
ppg,159801,149339,95,98
ppg,159875,149380,95,98
ppg,159941,149415,95,98
ppg,159997,149444,95,98
ppg,160041,149463,95,98
ppg,160071,149493,95,98
ppg,160100,149496,95,98
ppg,160836,149736,95,98
ppg,160488,149602,95,98
ppg,160192,149498,95,98
ppg,159973,149413,95,98
ppg,159845,149362,95,98
ppg,159793,149349,95,98
ppg,159815,149365,95,98
ppg,159849,149377,95,98
ppg,159937,149416,95,98
ppg,160017,149458,95,98
ppg,160095,149489,95,98
ppg,160182,149523,95,98
ppg,160227,149539,95,98
ppg,160271,149563,95,98
ppg,160326,149590,95,98
ppg,160385,149616,95,98
ppg,160470,149652,95,98
ppg,160575,149699,95,98
ppg,160672,149734,95,98
ppg,160778,149771,95,98
ppg,160857,149809,95,98
ppg,160912,149831,95,98
ppg,160945,149852,95,98
ppg,160941,149850,95,98
ppg,160912,149846,95,98
ppg,160889,149836,95,98
ppg,160889,149836,95,98
ppg,160858,149825,95,98
ppg,160342,149601,95,98
ppg,160418,149639,95,98
ppg,160475,149670,95,98
ppg,160868,149834,95,98
ppg,160907,149847,95,98
ppg,160697,149747,95,98
ppg,160795,149774,95,98
ppg,160905,149818,95,98
ppg,161035,149866,95,98
ppg,161133,149896,95,98
ppg,161216,149927,95,98
ppg,161284,149943,95,98
ppg,161298,149958,95,98
ppg,161309,149958,95,98
ppg,161274,149941,95,98
ppg,161253,149939,95,98
ppg,161234,149930,95,98
ppg,161224,149941,95,98
ppg,161219,149945,95,98
ppg,161225,149947,95,98
ppg,161238,149959,95,98
ppg,161274,149978,95,98
ppg,161321,149993,95,98
ppg,161425,150019,95,98
ppg,161535,150059,95,98
ppg,161649,150101,95,98
ppg,161649,150101,95,98
ppg,161757,150155,95,98
ppg,161877,150190,95,98
ppg,161986,150229,95,98
ppg,162084,150273,95,98
ppg,162163,150307,95,98
ppg,162239,150351,95,98
ppg,161640,150209,95,99
ppg,161626,150212,95,99
ppg,161617,150226,95,99
ppg,161629,150241,95,99
ppg,161645,150265,95,99
ppg,161709,150293,95,99
ppg,161756,150326,95,99
ppg,161824,150344,95,99
ppg,161863,150383,95,99
ppg,161937,150419,95,99
ppg,162004,150480,95,99
ppg,162070,150523,95,99
ppg,162149,150582,95,99
ppg,162234,150637,95,99
ppg,162318,150699,95,99
ppg,162407,150764,94,99
ppg,162510,150832,94,99
ppg,162603,150910,94,99
ppg,162692,150967,94,99
ppg,162791,151029,94,99
ppg,162860,151077,94,99
ppg,162917,151130,94,99
ppg,163012,151189,94,99
ppg,163083,151236,94,99
ppg,163159,151283,94,99
ppg,163247,151341,94,99
ppg,163251,151306,94,99
ppg,163251,151306,94,99
ppg,163335,151334,94,99
ppg,163119,151014,94,99
ppg,163205,151023,94,99
ppg,163267,151038,94,99
ppg,163326,151046,94,99
ppg,163386,151053,94,99
ppg,163444,151056,94,99
ppg,163474,151052,94,99
ppg,163524,151060,94,99
ppg,163574,151074,94,99
ppg,163608,151067,94,99
ppg,163663,151067,94,99
ppg,163708,151076,94,99
ppg,163753,151073,94,99
ppg,163771,151080,94,99
ppg,163789,151084,94,99
ppg,163812,151064,94,99
ppg,163824,151052,94,99
ppg,163813,151024,94,99
ppg,163826,151019,94,99
ppg,163820,151003,94,99
ppg,163816,150989,94,99
ppg,163807,150987,94,99
ppg,163794,150971,94,99
ppg,163728,150956,94,99
ppg,163544,150886,94,99
ppg,163207,150764,94,99
ppg,162809,150620,94,99
ppg,162809,150620,94,99
ppg,162395,150461,94,99
ppg,162395,150461,94,99
ppg,162395,150461,94,99
ppg,162030,150314,94,99
ppg,162775,150354,94,99
ppg,162750,150350,94,99
ppg,162728,150342,94,99
ppg,162709,150330,94,99
ppg,162603,150293,94,99
ppg,162400,150224,94,99
ppg,162087,150092,94,99
ppg,161681,149945,94,99
ppg,161273,149786,94,99
ppg,160887,149625,94,99
ppg,160571,149499,94,99
ppg,160310,149411,94,99
ppg,160144,149346,94,99
ppg,160056,149322,94,99
ppg,160030,149313,94,99
ppg,160063,149324,94,99
ppg,160113,149354,94,99
ppg,160184,149393,94,99
ppg,160248,149430,94,99
ppg,160302,149465,94,99
ppg,160330,149487,94,99
ppg,160370,149510,94,99
ppg,160395,149523,94,99
ppg,160412,149537,94,99
ppg,160440,149554,94,99
ppg,160511,149578,94,99
ppg,160601,149619,94,99
ppg,160689,149669,94,99
ppg,160370,149630,92,99
ppg,160455,149666,92,99
ppg,160518,149711,92,99
ppg,160591,149754,92,99
ppg,160662,149787,92,99
ppg,160723,149831,92,99
ppg,160791,149870,92,99
ppg,160863,149911,92,99
ppg,160955,149975,92,99
ppg,161051,150030,92,99
ppg,161161,150088,92,99
ppg,161255,150145,92,99
ppg,161323,150189,92,99
ppg,161358,150213,92,99
ppg,161356,150202,92,99
ppg,161343,150200,92,99
ppg,161300,150184,92,99
ppg,161278,150165,92,99
ppg,161228,150138,92,99
ppg,161192,150117,92,99
ppg,161171,150097,92,99
ppg,161168,150076,92,99
ppg,161181,150066,92,99
ppg,161220,150072,92,99
ppg,161258,150068,92,99
ppg,161287,150069,92,99
ppg,161348,150072,92,99
ppg,161388,150070,92,99
ppg,161433,150065,92,99
ppg,161250,149914,92,99
ppg,161234,149901,92,99
ppg,161227,149885,92,99
ppg,161227,149885,92,99
ppg,161237,149881,92,99
ppg,161260,149884,92,99
ppg,161295,149892,92,99
ppg,161351,149911,92,99
ppg,161406,149921,92,99
ppg,161470,149943,92,99
ppg,161523,149956,92,99
ppg,161580,149975,92,99
ppg,161636,149974,92,99
ppg,161675,149986,92,99
ppg,161733,149999,92,99
ppg,161781,150001,92,99
ppg,161826,150001,92,99
ppg,161866,150019,92,99
ppg,161907,150029,92,99
ppg,161953,150038,92,99
ppg,161988,150035,92,99
ppg,162030,150044,92,99
ppg,162067,150041,92,99
ppg,162120,150050,92,99
ppg,162168,150072,92,99
ppg,162194,150080,92,99
ppg,162220,150096,92,99
ppg,162243,150099,92,99
ppg,162250,150106,92,99
ppg,162239,150096,92,99
ppg,162245,150094,92,99
ppg,162228,150084,92,99
ppg,162212,150071,92,99
ppg,161838,149862,91,99
ppg,161878,149875,91,99
ppg,161906,149881,91,99
ppg,161948,149905,91,99
ppg,161982,149911,91,99
ppg,161999,149911,91,99
ppg,162015,149924,91,99
ppg,162031,149919,91,99
ppg,162047,149932,91,99
ppg,162038,149925,91,99
ppg,161983,149899,91,99
ppg,161849,149849,91,99
ppg,161634,149768,91,99
ppg,161351,149661,91,99
ppg,161038,149547,91,99
ppg,160736,149430,91,99
ppg,160458,149321,91,99
ppg,160230,149227,91,99
ppg,160087,149174,91,99
ppg,160008,149151,91,99
ppg,159972,149143,91,99
ppg,159984,149156,91,99
ppg,160020,149181,91,99
ppg,160058,149204,91,99
ppg,160101,149229,91,99
ppg,160141,149252,91,99
ppg,160174,149270,91,99
ppg,160197,149278,91,99
ppg,159547,148948,91,99
ppg,159520,148945,91,99
ppg,159520,148945,91,99
ppg,159520,148945,91,99
ppg,159520,148945,91,99
ppg,159520,148945,91,99
ppg,159520,148945,91,99
ppg,159530,148961,91,99
ppg,159563,148991,91,99
ppg,159611,149019,91,99
ppg,159659,149063,91,99
ppg,159695,149089,91,99
ppg,159724,149110,91,99
ppg,159736,149122,91,99
ppg,159739,149129,91,99
ppg,159760,149148,91,99
ppg,159796,149168,91,99
ppg,159882,149201,91,99
ppg,159971,149239,91,99
ppg,160077,149283,91,99
ppg,160153,149312,91,99
ppg,160231,149348,91,99
ppg,160288,149368,91,99
ppg,160317,149383,91,99
ppg,160337,149391,91,99
ppg,160326,149386,91,99
ppg,160318,149384,91,99
ppg,159841,149087,91,99
ppg,159950,149126,91,99
ppg,160055,149162,91,99
ppg,160158,149208,91,99
ppg,160261,149251,91,99
ppg,160325,149284,91,99
ppg,160365,149300,91,99
ppg,160365,149300,91,99
ppg,160372,149296,91,99
ppg,160366,149301,91,99
